date,DEBT_CG_TOTAL,REV_GG_TAX_TOTAL,EXP_CG_TOTAL_EST,REV_CG_TOTAL_EST,REV_CG_TAX_TOTAL_EST,FIN_CG_COIN_EST,FIN_CG_NETBORROW_EST,FIN_CG_RESERVES_EST,UNEMPL_RATE,REV_SG_TAX_WAGES,REV_SG_TAX_CORP,REV_SG_TAX_WITHHOLD,REV_SG_TAX_ASSESSED,REV_SG_TAX_NONASSESSED,REV_CG_TAX_ASSESSED_FED,REV_CG_TOTAL,REV_CG_TAX_FEDSHARE,REV_CG_TAX_INCTAX_FED,REV_CG_TAX_WAGES_FED,REV_CG_TAX_NONASSESSED_FED,REV_CG_TAX_WITHHOLD_FED,REV_CG_TAX_VAT_FED,REV_CG_TAX_TRADETAX_FED,REV_CG_TAX_SUPPGRANTS,REV_CG_TAX_EUOWN_GNI,REV_CG_TAX_EUOWN_VAT,REV_CG_TAX_GRANTS_TRANSPORT,REV_CG_TAX_GRANTS_MVTAX,REV_CG_OTH_ECONACT,REV_CG_OTH_INTEREST,REV_CG_OTH_PRIVATIZATION,EXP_CG_FUNC_GENSERV,EXP_CG_FUNC_EDU,EXP_CG_FUNC_DEFENSE,EXP_CG_FUNC_SOCSEC,EXP_CG_FUNC_HEALTH,EXP_CG_FUNC_HOUSING,EXP_CG_FUNC_AGRI,EXP_CG_FUNC_ENERGY,EXP_CG_FUNC_TRANSPORT,EXP_CG_FUNC_FINMGMT,EXP_CG_CAT_INTEREST,EXP_CG_CAT_GRANTS,EXP_CG_CAT_HR,EXP_CG_CAT_OPEX,EXP_CG_CAT_INVEST,EXP_CG_CAT_FIXEDASSET,EXP_CG_CAT_FINASSIST,EXP_GG_SA_TOTAL,EXP_GG_SA_COE,EXP_GG_SA_GFCF,EXP_GG_SA_INTERMED,EXP_GG_SA_SOCBEN,GG_SA_NETLENDING,REV_GG_SA_TOTAL,REV_GG_SA_LEVIES,REV_GG_SA_SOCCONTRIB,REV_GG_SA_TAXES,EXP_GG_SA_SOCBENKIND,EMPL_TOTAL,EMPL_EMPLOYEES,GDP_NOMINAL,GNI_CORP_INV_INCOME,GNI_COE,HOURS_WORKED,GDP_CONS_HH,GDP_CONS_GOV,GDP_GFCF,GDP_EXPORTS,GDP_IMPORTS,REV_GG_SA_TAXPROD,REV_GG_SA_TAXINCOME,REV_GG_SA_CAPTRANSFER_RES,EXP_GG_SA_SUBSIDIES,EXP_GG_SA_OTHTRANSFER,EXP_GG_SA_CAPTRANSFER_USE,EXP_GG_SA_PROPINC_USE,REV_GG_SA_PROPINC_RES,EXP_SSF_TOTAL,REV_SSF_TOTAL,REV_PIF_TOTAL,EXP_PIF_TOTAL,REV_PIF_CONTRIB,EXP_PIF_PENSIONS
1969-01-01,,,,,,,,,,,,,,,,2900882510.0,,,,,,,,,,,,,,,,,,,,,,,,,,,,,,,,,,,,,,,,,,,,,,,,,,,,,,,,,,,,,,,,,,,,
1969-02-01,,,,,,,,,,,,,,,,2817319197.0,,,,,,,,,,,,,,,,,,,,,,,,,,,,,,,,,,,,,,,,,,,,,,,,,,,,,,,,,,,,,,,,,,,,
1969-03-01,,,,,,,,,,,,,,,,3920121168.0,,,,,,,,,,,,,,,,,,,,,,,,,,,,,,,,,,,,,,,,,,,,,,,,,,,,,,,,,,,,,,,,,,,,
1969-04-01,,,,,,,,,,,,,,,,2832630440.0,,,,,,,,,,,,,,,,,,,,,,,,,,,,,,,,,,,,,,,,,,,,,,,,,,,,,,,,,,,,,,,,,,,,
1969-05-01,,,,,,,,,,,,,,,,2929627261.0,,,,,,,,,,,,,,,,,,,,,,,,,,,,,,,,,,,,,,,,,,,,,,,,,,,,,,,,,,,,,,,,,,,,
1969-06-01,,,,,,,,,,,,,,,,4164260043.0,,,,,,,,,,,,,,,,,,,,,,,,,,,,,,,,,,,,,,,,,,,,,,,,,,,,,,,,,,,,,,,,,,,,
1969-07-01,,,,,,,,,,,,,,,,3258639878.0,,,,,,,,,,,,,,,,,,,,,,,,,,,,,,,,,,,,,,,,,,,,,,,,,,,,,,,,,,,,,,,,,,,,
1969-08-01,,,,,,,,,,,,,,,,3187923278.0,,,,,,,,,,,,,,,,,,,,,,,,,,,,,,,,,,,,,,,,,,,,,,,,,,,,,,,,,,,,,,,,,,,,
1969-09-01,,,,,,,,,,,,,,,,4204852137.0,,,,,,,,,,,,,,,,,,,,,,,,,,,,,,,,,,,,,,,,,,,,,,,,,,,,,,,,,,,,,,,,,,,,
1969-10-01,,,,,,,,,,,,,,,,3428915193.0,,,,,,,,,,,,,,,,,,,,,,,,,,,,,,,,,,,,,,,,,,,,,,,,,,,,,,,,,,,,,,,,,,,,
1969-11-01,,,,,,,,,,,,,,,,3620074257.0,,,,,,,,,,,,,,,,,,,,,,,,,,,,,,,,,,,,,,,,,,,,,,,,,,,,,,,,,,,,,,,,,,,,
1969-12-01,,,,,,,,,,,,,,,,5361890667.0,,,,,,,,,,,,,,,,,,,,,,,,,,,,,,,,,,,,,,,,,,,,,,,,,,,,,,,,,,,,,,,,,,,,
1970-01-01,,,,,,,,,,,,,,,,3249412227.0,,,,,,,,,,,,,,,,,,,,,,,,,,,,,,,,,,,,,,,,,,,,,,,,,,,,,,,,,,,,,,,,,,,,
1970-02-01,,,,,,,,,,,,,,,,2949243613.0,,,,,,,,,,,,,,,,,,,,,,,,,,,,,,,,,,,,,,,,,,,,,,,,,,,,,,,,,,,,,,,,,,,,
1970-03-01,,,,,,,,,,,,,,,,4014659182.0,,,,,,,,,,,,,,,,,,,,,,,,,,,,,,,,,,,,,,,,,,,,,,26733333333.333332,,,,,,,,,,,,,,,,,,,,,,
1970-04-01,,,,,,,,,,,,,,,,3022269229.0,,,,,,,,,,,,,,,,,,,,,,,,,,,,,,,,,,,,,,,,,,,,,,,,,,,,,,,,,,,,,,,,,,,,
1970-05-01,,,,,,,,,,,,,,,,3110208137.0,,,,,,,,,,,,,,,,,,,,,,,,,,,,,,,,,,,,,,,,,,,,,,,,,,,,,,,,,,,,,,,,,,,,
1970-06-01,,,,,,,,,,,,,,,,4429658403.0,,,,,,,,,,,,,,,,,,,,,,,,,,,,,,,,,,,,,,,,,,,,,,29433333333.333332,,,,,,,,,,,,,,,,,,,,,,
1970-07-01,,,,,,,,,,,,,,,,3397355054.0,,,,,,,,,,,,,,,,,,,,,,,,,,,,,,,,,,,,,,,,,,,,,,,,,,,,,,,,,,,,,,,,,,,,
1970-08-01,,,,,,,,,,,,,,,,3488897271.0,,,,,,,,,,,,,,,,,,,,,,,,,,,,,,,,,,,,,,,,,,,,,,,,,,,,,,,,,,,,,,,,,,,,
1970-09-01,,,,,,,,,,,,,,,,4451909914.0,,,,,,,,,,,,,,,,,,,,,,,,,,,,,,,,,,,,,,,,,,,,,,31433333333.333332,,,,,,,,,,,,,,,,,,,,,,
1970-10-01,,,,,,,,,,,,,,,,3433547501.0,,,,,,,,,,,,,,,,,,,,,,,,,,,,,,,,,,,,,,,,,,,,,,,,,,,,,,,,,,,,,,,,,,,,
1970-11-01,,,,,,,,,,,,,,,,3643460516.0,,,,,,,,,,,,,,,,,,,,,,,,,,,,,,,,,,,,,,,,,,,,,,,,,,,,,,,,,,,,,,,,,,,,
1970-12-01,,,,,,,,,,,,,,,,6006570987.0,,,,,,,,,,,,,,,,,,,,,,,,,,,,,,,,,,,,,,,,,,,,,,32600000000.0,,,,,,,,,,,,,,,,,,,,,,
1971-01-01,,,,,,,,,,,,,,,,3580005971.0,,,,,,,,,,,,,,,,,,,,,,,,,,,,,,,,,,,,,,,,,,,,,,,,,,,,,,,,,,,,,,,,,,,,
1971-02-01,,,,,,,,,,,,,,,,3373858524.0,,,,,,,,,,,,,,,,,,,,,,,,,,,,,,,,,,,,,,,,,,,,,,,,,,,,,,,,,,,,,,,,,,,,
1971-03-01,,,,,,,,,,,,,,,,4529865479.0,,,,,,,,,,,,,,,,,,,,,,,,,,,,,,,,,,,,,,,,,,,,,,30460000000.0,,,,,,,,,,,,,,,,,,,,,,
1971-04-01,,,,,,,,,,,,,,,,3703951951.0,,,,,,,,,,,,,,,,,,,,,,,,,,,,,,,,,,,,,,,,,,,,,,,,,,,,,,,,,,,,,,,,,,,,
1971-05-01,,,,,,,,,,,,,,,,3341955768.0,,,,,,,,,,,,,,,,,,,,,,,,,,,,,,,,,,,,,,,,,,,,,,,,,,,,,,,,,,,,,,,,,,,,
1971-06-01,,,,,,,,,,,,,,,,4606768404.0,,,,,,,,,,,,,,,,,,,,,,,,,,,,,,,,,,,,,,,,,,,,,,32450000000.0,,,,,,,,,,,,,,,,,,,,,,
1971-07-01,,,,,,,,,,,,,,,,3726700100.0,,,,,,,,,,,,,,,,,,,,,,,,,,,,,,,,,,,,,,,,,,,,,,,,,,,,,,,,,,,,,,,,,,,,
1971-08-01,,,,,,,,,,,,,,,,3801134420.0,,,,,,,,,,,,,,,,,,,,,,,,,,,,,,,,,,,,,,,,,,,,,,,,,,,,,,,,,,,,,,,,,,,,
1971-09-01,,,,,,,,,,,,,,,,4805720456.0,,,,,,,,,,,,,,,,,,,,,,,,,,,,,,,,,,,,,,,,,,,,,,34683333333.333336,,,,,,,,,,,,,,,,,,,,,,
1971-10-01,,,,,,,,,,,,,,,,3862837143.0,,,,,,,,,,,,,,,,,,,,,,,,,,,,,,,,,,,,,,,,,,,,,,,,,,,,,,,,,,,,,,,,,,,,
1971-11-01,,,,,,,,,,,,,,,,3964424911.0,,,,,,,,,,,,,,,,,,,,,,,,,,,,,,,,,,,,,,,,,,,,,,,,,,,,,,,,,,,,,,,,,,,,
1971-12-01,,,,,,,,,,,,,,,,6501092930.0,,,,,,,,,,,,,,,,,,,,,,,,,,,,,,,,,,,,,,,,,,,,,,35820000000.0,,,,,,,,,,,,,,,,,,,,,,
1972-01-01,,,,,,,,,,,,,,,,4260152824.0,,,,,,,,,,,,,,,,,,,,,,,,,,,,,,,,,,,,,,,,,,,,,,,,,,,,,,,,,,,,,,,,,,,,
1972-02-01,,,,,,,,,,,,,,,,3668556364.0,,,,,,,,,,,,,,,,,,,,,,,,,,,,,,,,,,,,,,,,,,,,,,,,,,,,,,,,,,,,,,,,,,,,
1972-03-01,,,,,,,,,,,,,,,,4608080550.0,,,,,,,,,,,,,,,,,,,,,,,,,,,,,,,,,,,,,,,,,,,,,,33483333333.333332,,,,,,,,,,,,,,,,,,,,,,
1972-04-01,,,,,,,,,,,,,,,,3936069690.0,,,,,,,,,,,,,,,,,,,,,,,,,,,,,,,,,,,,,,,,,,,,,,,,,,,,,,,,,,,,,,,,,,,,
1972-05-01,,,,,,,,,,,,,,,,3580547940.0,,,,,,,,,,,,,,,,,,,,,,,,,,,,,,,,,,,,,,,,,,,,,,,,,,,,,,,,,,,,,,,,,,,,
1972-06-01,,,,,,,,,,,,,,,,4815964200.0,,,,,,,,,,,,,,,,,,,,,,,,,,,,,,,,,,,,,,,,,,,,,,35146666666.666664,,,,,,,,,,,,,,,,,,,,,,
1972-07-01,,,,,,,,,,,,,,,,3982888503.0,,,,,,,,,,,,,,,,,,,,,,,,,,,,,,,,,,,,,,,,,,,,,,,,,,,,,,,,,,,,,,,,,,,,
1972-08-01,,,,,,,,,,,,,,,,4216934983.999996,,,,,,,,,,,,,,,,,,,,,,,,,,,,,,,,,,,,,,,,,,,,,,,,,,,,,,,,,,,,,,,,,,,,
1972-09-01,,,,,,,,,,,,,,,,5216237043.000004,,,,,,,,,,,,,,,,,,,,,,,,,,,,,,,,,,,,,,,,,,,,,,37233333333.333336,,,,,,,,,,,,,,,,,,,,,,
1972-10-01,,,,,,,,,,,,,,,,4293554551.0,,,,,,,,,,,,,,,,,,,,,,,,,,,,,,,,,,,,,,,,,,,,,,,,,,,,,,,,,,,,,,,,,,,,
1972-11-01,,,,,,,,,,,,,,,,4357598078.0,,,,,,,,,,,,,,,,,,,,,,,,,,,,,,,,,,,,,,,,,,,,,,,,,,,,,,,,,,,,,,,,,,,,
1972-12-01,,,,,,,,,,,,,,,,7433290939.0,,,,,,,,,,,,,,,,,,,,,,,,,,,,,,,,,,,,,,,,,,,,,,39593333333.333336,,,,,,,,,,,,,,,,,,,,,,
1973-01-01,,,,,,,,,,,,,,,,4538248442.0,,,,,,,,,,,,,,,,,,,,,,,,,,,,,,,,,,,,,,,,,,,,,,,,,,,,,,,,,,,,,,,,,,,,
1973-02-01,,,,,,,,,,,,,,,,4307684365.0,,,,,,,,,,,,,,,,,,,,,,,,,,,,,,,,,,,,,,,,,,,,,,,,,,,,,,,,,,,,,,,,,,,,
1973-03-01,,,,,,,,,,,,,,,,5327090500.0,,,,,,,,,,,,,,,,,,,,,,,,,,,,,,,,,,,,,,,,,,,,,,37906666666.666664,,,,,,,,,,,,,,,,,,,,,,
1973-04-01,,,,,,,,,,,,,,,,4110092073.0,,,,,,,,,,,,,,,,,,,,,,,,,,,,,,,,,,,,,,,,,,,,,,,,,,,,,,,,,,,,,,,,,,,,
1973-05-01,,,,,,,,,,,,,,,,4033657913.0,,,,,,,,,,,,,,,,,,,,,,,,,,,,,,,,,,,,,,,,,,,,,,,,,,,,,,,,,,,,,,,,,,,,
1973-06-01,,,,,,,,,,,,,,,,5887115856.0,,,,,,,,,,,,,,,,,,,,,,,,,,,,,,,,,,,,,,,,,,,,,,39496666666.666664,,,,,,,,,,,,,,,,,,,,,,
1973-07-01,,,,,,,,,,,,,,,,4560074673.0,,,,,,,,,,,,,,,,,,,,,,,,,,,,,,,,,,,,,,,,,,,,,,,,,,,,,,,,,,,,,,,,,,,,
1973-08-01,,,,,,,,,,,,,,,,4474356984.0,,,,,,,,,,,,,,,,,,,,,,,,,,,,,,,,,,,,,,,,,,,,,,,,,,,,,,,,,,,,,,,,,,,,
1973-09-01,,,,,,,,,,,,,,,,5744982334.0,,,,,,,,,,,,,,,,,,,,,,,,,,,,,,,,,,,,,,,,,,,,,,41133333333.333336,,,,,,,,,,,,,,,,,,,,,,
1973-10-01,,,,,,,,,,,,,,,,4675583281.0,,,,,,,,,,,,,,,,,,,,,,,,,,,,,,,,,,,,,,,,,,,,,,,,,,,,,,,,,,,,,,,,,,,,
1973-11-01,,,,,,,,,,,,,,,,4874459682.0,,,,,,,,,,,,,,,,,,,,,,,,,,,,,,,,,,,,,,,,,,,,,,,,,,,,,,,,,,,,,,,,,,,,
1973-12-01,,,,,,,,,,,,,,,,8400632767.0,,,,,,,,,,,,,,,,,,,,,,,,,,,,,,,,,,,,,,,,,,,,,,43470000000.0,,,,,,,,,,,,,,,,,,,,,,
1974-01-01,,,,,,,,,,,,,,,,4540474311.0,,,,,,,,,,,,,,,,,,,,,,,,,,,,,,,,,,,,,,,,,,,,,,,,,,,,,,,,,,,,,,,,,,,,
1974-02-01,,,,,,,,,,,,,,,,4481735594.0,,,,,,,,,,,,,,,,,,,,,,,,,,,,,,,,,,,,,,,,,,,,,,,,,,,,,,,,,,,,,,,,,,,,
1974-03-01,,,,,,,,,,,,,,,,5380233720.0,,,,,,,,,,,,,,,,,,,,,,,,,,,,,,,,,,,,,,,,,,,,,,40903333333.333336,,,,,,,,,,,,,,,,,,,,,,
1974-04-01,,,,,,,,,,,,,,,,4179091065.0,,,,,,,,,,,,,,,,,,,,,,,,,,,,,,,,,,,,,,,,,,,,,,,,,,,,,,,,,,,,,,,,,,,,
1974-05-01,,,,,,,,,,,,,,,,4341186368.0,,,,,,,,,,,,,,,,,,,,,,,,,,,,,,,,,,,,,,,,,,,,,,,,,,,,,,,,,,,,,,,,,,,,
1974-06-01,,,,,,,,,,,,,,,,6019358344.0,,,,,,,,,,,,,,,,,,,,,,,,,,,,,,,,,,,,,,,,,,,,,,42656666666.666664,,,,,,,,,,,,,,,,,,,,,,
1974-07-01,,,,,,,,,,,,,,,,4617308518.0,,,,,,,,,,,,,,,,,,,,,,,,,,,,,,,,,,,,,,,,,,,,,,,,,,,,,,,,,,,,,,,,,,,,
1974-08-01,,,,,,,,,,,,,,,,4871716729.0,,,,,,,,,,,,,,,,,,,,,,,,,,,,,,,,,,,,,,,,,,,,,,,,,,,,,,,,,,,,,,,,,,,,
1974-09-01,,,,,,,,,,,,,,,,6123407917.0,,,,,,,,,,,,,,,,,,,,,,,,,,,,,,,,,,,,,,,,,,,,,,44923333333.333336,,,,,,,,,,,,,,,,,,,,,,
1974-10-01,,,,,,,,,,,,,,,,4883807157.0,,,,,,,,,,,,,,,,,,,,,,,,,,,,,,,,,,,,,,,,,,,,,,,,,,,,,,,,,,,,,,,,,,,,
1974-11-01,,,,,,,,,,,,,,,,5000817436.0,,,,,,,,,,,,,,,,,,,,,,,,,,,,,,,,,,,,,,,,,,,,,,,,,,,,,,,,,,,,,,,,,,,,
1974-12-01,,,,,,,,,,,,,,,,8742088831.0,,,,,,,,,,,,,,,,,,,,,,,,,,,,,,,,,,,,,,,,,,,,,,46856666666.666664,,,,,,,,,,,,,,,,,,,,,,
1975-01-01,,,,,,,,,,,,,,,,4673990492.0,,,,,,,,,,,,,,,,,,,,,,,,,,,,,,,,,,,,,,,,,,,,,,,,,,,,,,,,,,,,,,,,,,,,
1975-02-01,,,,,,,,,,,,,,,,4337108779.0,,,,,,,,,,,,,,,,,,,,,,,,,,,,,,,,,,,,,,,,,,,,,,,,,,,,,,,,,,,,,,,,,,,,
1975-03-01,,,,,,,,,,,,,,,,5158785748.0,,,,,,,,,,,,,,,,,,,,,,,,,,,,,,,,,,,,,,,,,,,,,,42726666666.666664,,,,,,,,,,,,,,,,,,,,,,
1975-04-01,,,,,,,,,,,,,,,,3998436980.0,,,,,,,,,,,,,,,,,,,,,,,,,,,,,,,,,,,,,,,,,,,,,,,,,,,,,,,,,,,,,,,,,,,,
1975-05-01,,,,,,,,,,,,,,,,4201297371.0,,,,,,,,,,,,,,,,,,,,,,,,,,,,,,,,,,,,,,,,,,,,,,,,,,,,,,,,,,,,,,,,,,,,
1975-06-01,,,,,,,,,,,,,,,,5504072373.0,,,,,,,,,,,,,,,,,,,,,,,,,,,,,,,,,,,,,,,,,,,,,,44823333333.333336,,,,,,,,,,,,,,,,,,,,,,
1975-07-01,,,,,,,,,,,,,,,,5097690746.000004,,,,,,,,,,,,,,,,,,,,,,,,,,,,,,,,,,,,,,,,,,,,,,,,,,,,,,,,,,,,,,,,,,,,
1975-08-01,,,,,,,,,,,,,,,,5123810208.999996,,,,,,,,,,,,,,,,,,,,,,,,,,,,,,,,,,,,,,,,,,,,,,,,,,,,,,,,,,,,,,,,,,,,
1975-09-01,,,,,,,,,,,,,,,,6167462724.0,,,,,,,,,,,,,,,,,,,,,,,,,,,,,,,,,,,,,,,,,,,,,,46386666666.666664,,,,,,,,,,,,,,,,,,,,,,
1975-10-01,,,,,,,,,,,,,,,,4893310445.0,,,,,,,,,,,,,,,,,,,,,,,,,,,,,,,,,,,,,,,,,,,,,,,,,,,,,,,,,,,,,,,,,,,,
1975-11-01,,,,,,,,,,,,,,,,4963394624.0,,,,,,,,,,,,,,,,,,,,,,,,,,,,,,,,,,,,,,,,,,,,,,,,,,,,,,,,,,,,,,,,,,,,
1975-12-01,,,,,,,,,,,,,,,,9172564087.0,,,,,,,,,,,,,,,,,,,,,,,,,,,,,,,,,,,,,,,,,,,,,,49733333333.333336,,,,,,,,,,,,,,,,,,,,,,
1976-01-01,,,,,,,,,,,,,,,,5134272420.0,,,,,,,,,,,,,,,,,,,,,,,,,,,,,,,,,,,,,,,,,,,,,,,,,,,,,,,,,,,,,,,,,,,,
1976-02-01,,,,,,,,,,,,,,,,4903575954.0,,,,,,,,,,,,,,,,,,,,,,,,,,,,,,,,,,,,,,,,,,,,,,,,,,,,,,,,,,,,,,,,,,,,
1976-03-01,,,,,,,,,,,,,,,,5683768818.0,,,,,,,,,,,,,,,,,,,,,,,,,,,,,,,,,,,,,,,,,,,,,,46330000000.0,,,,,,,,,,,,,,,,,,,,,,
1976-04-01,,,,,,,,,,,,,,,,4910218535.0,,,,,,,,,,,,,,,,,,,,,,,,,,,,,,,,,,,,,,,,,,,,,,,,,,,,,,,,,,,,,,,,,,,,
1976-05-01,,,,,,,,,,,,,,,,4469877227.0,,,,,,,,,,,,,,,,,,,,,,,,,,,,,,,,,,,,,,,,,,,,,,,,,,,,,,,,,,,,,,,,,,,,
1976-06-01,,,,,,,,,,,,,,,,6622265885.0,,,,,,,,,,,,,,,,,,,,,,,,,,,,,,,,,,,,,,,,,,,,,,48786666666.666664,,,,,,,,,,,,,,,,,,,,,,
1976-07-01,,,,,,,,,,,,,,,,5406462126.0,,,,,,,,,,,,,,,,,,,,,,,,,,,,,,,,,,,,,,,,,,,,,,,,,,,,,,,,,,,,,,,,,,,,
1976-08-01,,,,,,,,,,,,,,,,4939031389.0,,,,,,,,,,,,,,,,,,,,,,,,,,,,,,,,,,,,,,,,,,,,,,,,,,,,,,,,,,,,,,,,,,,,
1976-09-01,,,,,,,,,,,,,,,,6712768797.0,,,,,,,,,,,,,,,,,,,,,,,,,,,,,,,,,,,,,,,,,,,,,,50153333333.333336,,,,,,,,,,,,,,,,,,,,,,
1976-10-01,,,,,,,,,,,,,,,,5404361499.0,,,,,,,,,,,,,,,,,,,,,,,,,,,,,,,,,,,,,,,,,,,,,,,,,,,,,,,,,,,,,,,,,,,,
1976-11-01,,,,,,,,,,,,,,,,5264969569.0,,,,,,,,,,,,,,,,,,,,,,,,,,,,,,,,,,,,,,,,,,,,,,,,,,,,,,,,,,,,,,,,,,,,
1976-12-01,,,,,,,,,,,,,,,,10404465201.0,,,,,,,,,,,,,,,,,,,,,,,,,,,,,,,,,,,,,,,,,,,,,,53863333333.333336,,,,,,,,,,,,,,,,,,,,,,
1977-01-01,,,,,,,,,,,,,,,,5595444371.0,,,,,,,,,,,,,,,,,,,,,,,,,,,,,,,,,,,,,,,,,,,,,,,,,,,,,,,,,,,,,,,,,,,,
1977-02-01,,,,,,,,,,,,,,,,5271930453.0,,,,,,,,,,,,,,,,,,,,,,,,,,,,,,,,,,,,,,,,,,,,,,,,,,,,,,,,,,,,,,,,,,,,
1977-03-01,,,,,,,,,,,,,,,,6606620306.0,,,,,,,,,,,,,,,,,,,,,,,,,,,,,,,,,,,,,,,,,,,,,,49903333333.333336,,,,,,,,,,,,,,,,,,,,,,
1977-04-01,,,,,,,,,,,,,,,,4942486945.0,,,,,,,,,,,,,,,,,,,,,,,,,,,,,,,,,,,,,,,,,,,,,,,,,,,,,,,,,,,,,,,,,,,,
1977-05-01,,,,,,,,,,,,,,,,5051925388.0,,,,,,,,,,,,,,,,,,,,,,,,,,,,,,,,,,,,,,,,,,,,,,,,,,,,,,,,,,,,,,,,,,,,
1977-06-01,,,,,,,,,,,,,,,,7458403785.0,,,,,,,,,,,,,,,,,,,,,,,,,,,,,,,,,,,,,,,,,,,,,,51856666666.666664,,,,,,,,,,,,,,,,,,,,,,
1977-07-01,,,,,,,,,,,,,,,,5901953887.0,,,,,,,,,,,,,,,,,,,,,,,,,,,,,,,,,,,,,,,,,,,,,,,,,,,,,,,,,,,,,,,,,,,,
1977-08-01,,,,,,,,,,,,,,,,5418750387.0,,,,,,,,,,,,,,,,,,,,,,,,,,,,,,,,,,,,,,,,,,,,,,,,,,,,,,,,,,,,,,,,,,,,
1977-09-01,,,,,,,,,,,,,,,,7633431609.0,,,,,,,,,,,,,,,,,,,,,,,,,,,,,,,,,,,,,,,,,,,,,,53093333333.333336,,,,,,,,,,,,,,,,,,,,,,
1977-10-01,,,,,,,,,,,,,,,,5910052315.0,,,,,,,,,,,,,,,,,,,,,,,,,,,,,,,,,,,,,,,,,,,,,,,,,,,,,,,,,,,,,,,,,,,,
1977-11-01,,,,,,,,,,,,,,,,5575895808.0,,,,,,,,,,,,,,,,,,,,,,,,,,,,,,,,,,,,,,,,,,,,,,,,,,,,,,,,,,,,,,,,,,,,
1977-12-01,,,,,,,,,,,,,,,,11201725659.0,,,,,,,,,,,,,,,,,,,,,,,,,,,,,,,,,,,,,,,,,,,,,,57326666666.666664,,,,,,,,,,,,,,,,,,,,,,
1978-01-01,,,,,,,,,,,,,,,,5670723643.0,,,,,,,,,,,,,,,,,,,,,,,,,,,,,,,,,,,,,,,,,,,,,,,,,,,,,,,,,,,,,,,,,,,,
1978-02-01,,,,,,,,,,,,,,,,6108837952.0,,,,,,,,,,,,,,,,,,,,,,,,,,,,,,,,,,,,,,,,,,,,,,,,,,,,,,,,,,,,,,,,,,,,
1978-03-01,,,,,,,,,,,,,,,,7252398094.0,,,,,,,,,,,,,,,,,,,,,,,,,,,,,,,,,,,,,,,,,,,,,,52780000000.0,,,,,,,,,,,,,,,,,,,,,,
1978-04-01,,,,,,,,,,,,,,,,5535065586.0,,,,,,,,,,,,,,,,,,,,,,,,,,,,,,,,,,,,,,,,,,,,,,,,,,,,,,,,,,,,,,,,,,,,
1978-05-01,,,,,,,,,,,,,,,,5550088189.0,,,,,,,,,,,,,,,,,,,,,,,,,,,,,,,,,,,,,,,,,,,,,,,,,,,,,,,,,,,,,,,,,,,,
1978-06-01,,,,,,,,,,,,,,,,7910861671.0,,,,,,,,,,,,,,,,,,,,,,,,,,,,,,,,,,,,,,,,,,,,,,55450000000.0,,,,,,,,,,,,,,,,,,,,,,
1978-07-01,,,,,,,,,,,,,,,,6495579068.0,,,,,,,,,,,,,,,,,,,,,,,,,,,,,,,,,,,,,,,,,,,,,,,,,,,,,,,,,,,,,,,,,,,,
1978-08-01,,,,,,,,,,,,,,,,6076854455.0,,,,,,,,,,,,,,,,,,,,,,,,,,,,,,,,,,,,,,,,,,,,,,,,,,,,,,,,,,,,,,,,,,,,
1978-09-01,,,,,,,,,,,,,,,,7833885865.0,,,,,,,,,,,,,,,,,,,,,,,,,,,,,,,,,,,,,,,,,,,,,,57086666666.666664,,,,,,,,,,,,,,,,,,,,,,
1978-10-01,,,,,,,,,,,,,,,,6797919161.0,,,,,,,,,,,,,,,,,,,,,,,,,,,,,,,,,,,,,,,,,,,,,,,,,,,,,,,,,,,,,,,,,,,,
1978-11-01,,,,,,,,,,,,,,,,6246110900.0,,,,,,,,,,,,,,,,,,,,,,,,,,,,,,,,,,,,,,,,,,,,,,,,,,,,,,,,,,,,,,,,,,,,
1978-12-01,,,,,,,,,,,,,,,,11940032322.0,,,,,,,,,,,,,,,,,,,,,,,,,,,,,,,,,,,,,,,,,,,,,,60996666666.666664,,,,,,,,,,,,,,,,,,,,,,
1979-01-01,,,,,,,,,,,,,,,,6288144667.0,,,,,,,,,,,,,,,,,,,,,,,,,,,,,,,,,,,,,,,,,,,,,,,,,,,,,,,,,,,,,,,,,,,,
1979-02-01,,,,,,,,,,,,,,,,5978585017.0,,,,,,,,,,,,,,,,,,,,,,,,,,,,,,,,,,,,,,,,,,,,,,,,,,,,,,,,,,,,,,,,,,,,
1979-03-01,,,,,,,,,,,,,,,,7953223263.0,,,,,,,,,,,,,,,,,,,,,,,,,,,,,,,,,,,,,,,,,,,,,,56860000000.0,,,,,,,,,,,,,,,,,,,,,,
1979-04-01,,,,,,,,,,,,,,,,6165073167.0,,,,,,,,,,,,,,,,,,,,,,,,,,,,,,,,,,,,,,,,,,,,,,,,,,,,,,,,,,,,,,,,,,,,
1979-05-01,,,,,,,,,,,,,,,,5924478583.0,,,,,,,,,,,,,,,,,,,,,,,,,,,,,,,,,,,,,,,,,,,,,,,,,,,,,,,,,,,,,,,,,,,,
1979-06-01,,,,,,,,,,,,,,,,8657919530.0,,,,,,,,,,,,,,,,,,,,,,,,,,,,,,,,,,,,,,,,,,,,,,60550000000.0,,,,,,,,,,,,,,,,,,,,,,
1979-07-01,,,,,,,,,,,,,,,,7464448702.0,,,,,,,,,,,,,,,,,,,,,,,,,,,,,,,,,,,,,,,,,,,,,,,,,,,,,,,,,,,,,,,,,,,,
1979-08-01,,,,,,,,,,,,,,,,7218514008.0,,,,,,,,,,,,,,,,,,,,,,,,,,,,,,,,,,,,,,,,,,,,,,,,,,,,,,,,,,,,,,,,,,,,
1979-09-01,,,,,,,,,,,,,,,,8707419371.0,,,,,,,,,,,,,,,,,,,,,,,,,,,,,,,,,,,,,,,,,,,,,,62170000000.0,,,,,,,,,,,,,,,,,,,,,,
1979-10-01,,,,,,,,,,,,,,,,6969935829.0,,,,,,,,,,,,,,,,,,,,,,,,,,,,,,,,,,,,,,,,,,,,,,,,,,,,,,,,,,,,,,,,,,,,
1979-11-01,,,,,,,,,,,,,,,,6780217796.0,,,,,,,,,,,,,,,,,,,,,,,,,,,,,,,,,,,,,,,,,,,,,,,,,,,,,,,,,,,,,,,,,,,,
1979-12-01,,,,,,,,,,,,,,,,12654105458.0,,,,,,,,,,,,,,,,,,,,,,,,,,,,,,,,,,,,,,,,,,,,,,66210000000.0,,,,,,,,,,,,,,,,,,,,,,
1980-01-01,,,,,,,,,,,,,,,,6702387138.0,,,,,,,,,,,,,,,,,,,,,,,,,,,,,,,,,,,,,,,,,,,,,,,,,,,,,,,,,,,,,,,,,,,,
1980-02-01,,,,,,,,,,,,,,,,6701274757.0,,,,,,,,,,,,,,,,,,,,,,,,,,,,,,,,,,,,,,,,,,,,,,,,,,,,,,,,,,,,,,,,,,,,
1980-03-01,,,,,,,,,,,,,,,,8423464702.0,,,,,,,,,,,,,,,,,,,,,,,,,,,,,,,,,,,,,,,,,,,,,,62813333333.333336,,,,,,,,,,,,,,,,,,,,,,
1980-04-01,,,,,,,,,,,,,,,,6551631561.0,,,,,,,,,,,,,,,,,,,,,,,,,,,,,,,,,,,,,,,,,,,,,,,,,,,,,,,,,,,,,,,,,,,,
1980-05-01,,,,,,,,,,,,,,,,6559155897.0,,,,,,,,,,,,,,,,,,,,,,,,,,,,,,,,,,,,,,,,,,,,,,,,,,,,,,,,,,,,,,,,,,,,
1980-06-01,,,,,,,,,,,,,,,,9267378617.0,,,,,,,,,,,,,,,,,,,,,,,,,,,,,,,,,,,,,,,,,,,,,,64520000000.0,,,,,,,,,,,,,,,,,,,,,,
1980-07-01,,,,,,,,,,,,,,,,7546684510.0,,,,,,,,,,,,,,,,,,,,,,,,,,,,,,,,,,,,,,,,,,,,,,,,,,,,,,,,,,,,,,,,,,,,
1980-08-01,,,,,,,,,,,,,,,,7015989999.0,,,,,,,,,,,,,,,,,,,,,,,,,,,,,,,,,,,,,,,,,,,,,,,,,,,,,,,,,,,,,,,,,,,,
1980-09-01,,,,,,,,,,,,,,,,9345128528.0,,,,,,,,,,,,,,,,,,,,,,,,,,,,,,,,,,,,,,,,,,,,,,66213333333.333336,,,,,,,,,,,,,,,,,,,,,,
1980-10-01,,,,,,,,,,,,,,,,7057895832.0,,,,,,,,,,,,,,,,,,,,,,,,,,,,,,,,,,,,,,,,,,,,,,,,,,,,,,,,,,,,,,,,,,,,
1980-11-01,,,,,,,,,,,,,,,,7301520408.0,,,,,,,,,,,,,,,,,,,,,,,,,,,,,,,,,,,,,,,,,,,,,,,,,,,,,,,,,,,,,,,,,,,,
1980-12-01,,,,,,,,,,,,,,,,13696197469.0,,,,,,,,,,,,,,,,,,,,,,,,,,,,,,,,,,,,,,,,,,,,,,69293333333.33333,,,,,,,,,,,,,,,,,,,,,,
1981-01-01,,,,,,,,,,,,,,,,6284698248.0,,,,,,,,,,,,,,,,,,,,,,,,,,,,,,,,,,,,,,,,,,,,,,,,,,,,,,,,,,,,,,,,,,,,
1981-02-01,,,,,,,,,,,,,,,,7173007908.0,,,,,,,,,,,,,,,,,,,,,,,,,,,,,,,,,,,,,,,,,,,,,,,,,,,,,,,,,,,,,,,,,,,,
1981-03-01,,,,,,,,,,,,,,,,8978881305.0,,,,,,,,,,,,,,,,,,,,,,,,,,,,,,,,,,,,,,,,,,,,,,64773333333.333336,,,,,,,,,,,,,,,,,,,5679000000.0,5851000000.0,4730666666.666667,4857333333.333333
1981-04-01,,,,,,,,,,,,,,,,7683728220.0,,,,,,,,,,,,,,,,,,,,,,,,,,,,,,,,,,,,,,,,,,,,,,,,,,,,,,,,,,,,,,,,,,,,
1981-05-01,,,,,,,,,,,,,,,,6703520581.0,,,,,,,,,,,,,,,,,,,,,,,,,,,,,,,,,,,,,,,,,,,,,,,,,,,,,,,,,,,,,,,,,,,,
1981-06-01,,,,,,,,,,,,,,,,9298129464.0,,,,,,,,,,,,,,,,,,,,,,,,,,,,,,,,,,,,,,,,,,,,,,67236666666.666664,,,,,,,,,,,,,,,,,,,5872666666.666667,5900000000.0,4869000000.0,4883666666.666667
1981-07-01,,,,,,,,,,,,,,,,7909910933.0,,,,,,,,,,,,,,,,,,,,,,,,,,,,,,,,,,,,,,,,,,,,,,,,,,,,,,,,,,,,,,,,,,,,
1981-08-01,,,,,,,,,,,,,,,,7250393864.0,,,,,,,,,,,,,,,,,,,,,,,,,,,,,,,,,,,,,,,,,,,,,,,,,,,,,,,,,,,,,,,,,,,,
1981-09-01,,,,,,,,,,,,,,,,9213815513.0,,,,,,,,,,,,,,,,,,,,,,,,,,,,,,,,,,,,,,,,,,,,,,69510000000.0,,,,,,,,,,,,,,,,,,,6260666666.666667,5966666666.666667,5268666666.666667,4895333333.333333
1981-10-01,,,,,,,,,,,,,,,,7410856213.0,,,,,,,,,,,,,,,,,,,,,,,,,,,,,,,,,,,,,,,,,,,,,,,,,,,,,,,,,,,,,,,,,,,,
1981-11-01,,,,,,,,,,,,,,,,7250915296.0,,,,,,,,,,,,,,,,,,,,,,,,,,,,,,,,,,,,,,,,,,,,,,,,,,,,,,,,,,,,,,,,,,,,
1981-12-01,,,,,,,,,,,,,,,,14561452587.0,,,,,,,,,,,,,,,,,,,,,,,,,,,,,,,,,,,,,,,,,,,,,,73743333333.33333,,,,,,,,,,,,,,,,,,,6565333333.333333,5991000000.0,5670333333.333333,4894000000.0
1982-01-01,,,,,,,,,,,,,,,,6716700750.0,,,,,,,,,,,,,,,,,,,,,,,,,,,,,,,,,,,,,,,,,,,,,,,,,,,,,,,,,,,,,,,,,,,,
1982-02-01,,,,,,,,,,,,,,,,7082643966.0,,,,,,,,,,,,,,,,,,,,,,,,,,,,,,,,,,,,,,,,,,,,,,,,,,,,,,,,,,,,,,,,,,,,
1982-03-01,,,,,,,,,,,,,,,,8993997841.0,,,,,,,,,,,,,,,,,,,,,,,,,,,,,,,,,,,,,,,,,,,,,,68313333333.333336,,,,,,,,,,,,,,,,,,,5960333333.333333,6264000000.0,4882333333.333333,5187000000.0
1982-04-01,,,,,,,,,,,,,,,,12271992239.0,,,,,,,,,,,,,,,,,,,,,,,,,,,,,,,,,,,,,,,,,,,,,,,,,,,,,,,,,,,,,,,,,,,,
1982-05-01,,,,,,,,,,,,,,,,7040190216.0,,,,,,,,,,,,,,,,,,,,,,,,,,,,,,,,,,,,,,,,,,,,,,,,,,,,,,,,,,,,,,,,,,,,
1982-06-01,,,,,,,,,,,,,,,,9917919901.0,,,,,,,,,,,,,,,,,,,,,,,,,,,,,,,,,,,,,,,,,,,,,,70570000000.0,,,,,,,,,,,,,,,,,,,6106333333.333333,6319000000.0,4984000000.0,5215000000.0
1982-07-01,,,,,,,,,,,,,,,,7661844198.0,,,,,,,,,,,,,,,,,,,,,,,,,,,,,,,,,,,,,,,,,,,,,,,,,,,,,,,,,,,,,,,,,,,,
1982-08-01,,,,,,,,,,,,,,,,7412201555.0,,,,,,,,,,,,,,,,,,,,,,,,,,,,,,,,,,,,,,,,,,,,,,,,,,,,,,,,,,,,,,,,,,,,
1982-09-01,,,,,,,,,,,,,,,,9489537659.0,,,,,,,,,,,,,,,,,,,,,,,,,,,,,,,,,,,,,,,,,,,,,,71853333333.33333,,,,,,,,,,,,,,,,,,,6314666666.666667,6336333333.333333,5195000000.0,5218666666.666667
1982-10-01,,,,,,,,,,,,,,,,7651719699.0,,,,,,,,,,,,,,,,,,,,,,,,,,,,,,,,,,,,,,,,,,,,,,,,,,,,,,,,,,,,,,,,,,,,
1982-11-01,,,,,,,,,,,,,,,,7404877292.0,,,,,,,,,,,,,,,,,,,,,,,,,,,,,,,,,,,,,,,,,,,,,,,,,,,,,,,,,,,,,,,,,,,,
1982-12-01,,,,,,,,,,,,,,,,14177325168.0,,,,,,,,,,,,,,,,,,,,,,,,,,,,,,,,,,,,,,,,,,,,,,76000000000.0,,,,,,,,,,,,,,,,,,,6762666666.666667,6351000000.0,5660000000.0,5210000000.0
1983-01-01,,,,,,,,,,,,,,,,6502564109.0,,,,,,,,,,,,,,,,,,,,,,,,,,,,,,,,,,,,,,,,,,,,,,,,,,,,,,,,,,,,,,,,,,,,
1983-02-01,,,,,,,,,,,,,,,,8103631301.0,,,,,,,,,,,,,,,,,,,,,,,,,,,,,,,,,,,,,,,,,,,,,,,,,,,,,,,,,,,,,,,,,,,,
1983-03-01,,,,,,,,,,,,,,,,9010488727.0,,,,,,,,,,,,,,,,,,,,,,,,,,,,,,,,,,,,,,,,,,,,,,70683333333.33333,,,,,,,,,,,,,,,,,,,5902666666.666667,6257000000.0,4821000000.0,5259333333.333333
1983-04-01,,,,,,,,,,,,,,,,12972526906.0,,,,,,,,,,,,,,,,,,,,,,,,,,,,,,,,,,,,,,,,,,,,,,,,,,,,,,,,,,,,,,,,,,,,
1983-05-01,,,,,,,,,,,,,,,,7003374342.0,,,,,,,,,,,,,,,,,,,,,,,,,,,,,,,,,,,,,,,,,,,,,,,,,,,,,,,,,,,,,,,,,,,,
1983-06-01,,,,,,,,,,,,,,,,9744286748.0,,,,,,,,,,,,,,,,,,,,,,,,,,,,,,,,,,,,,,,,,,,,,,73036666666.66667,,,,,,,,,,,,,,,,,,,5926000000.0,6316000000.0,4852666666.666667,5282000000.0
1983-07-01,,,,,,,,,,,,,,,,8198172889.0,,,,,,,,,,,,,,,,,,,,,,,,,,,,,,,,,,,,,,,,,,,,,,,,,,,,,,,,,,,,,,,,,,,,
1983-08-01,,,,,,,,,,,,,,,,8181656904.0,,,,,,,,,,,,,,,,,,,,,,,,,,,,,,,,,,,,,,,,,,,,,,,,,,,,,,,,,,,,,,,,,,,,
1983-09-01,,,,,,,,,,,,,,,,9810838478.0,,,,,,,,,,,,,,,,,,,,,,,,,,,,,,,,,,,,,,,,,,,,,,75000000000.0,,,,,,,,,,,,,,,,,,,6348000000.0,6575000000.0,5219333333.333333,5565000000.0
1983-10-01,,,,,,,,,,,,,,,,7949793223.0,,,,,,,,,,,,,,,,,,,,,,,,,,,,,,,,,,,,,,,,,,,,,,,,,,,,,,,,,,,,,,,,,,,,
1983-11-01,,,,,,,,,,,,,,,,6994066132.0,,,,,,,,,,,,,,,,,,,,,,,,,,,,,,,,,,,,,,,,,,,,,,,,,,,,,,,,,,,,,,,,,,,,
1983-12-01,,,,,,,,,,,,,,,,15358312943.0,,,,,,,,,,,,,,,,,,,,,,,,,,,,,,,,,,,,,,,,,,,,,,80703333333.33333,,,,,,,,,,,,,,,,,,,6826333333.333333,6635333333.333333,5748000000.0,5578666666.666667
1984-01-01,,,,,,,,,,,,,,,,7416278114.0,,,,,,,,,,,,,,,,,,,,,,,,,,,,,,,,,,,,,,,,,,,,,,,,,,,,,,,,,,,,,,,,,,,,
1984-02-01,,,,,,,,,,,,,,,,7910528372.0,,,,,,,,,,,,,,,,,,,,,,,,,,,,,,,,,,,,,,,,,,,,,,,,,,,,,,,,,,,,,,,,,,,,
1984-03-01,,,,,,,,,,,,,,,,9989822586.0,,,,,,,,,,,,,,,,,,,,,,,,,,,,,,,,,,,,,,,,,,,,,,75536666666.66667,,,,,,,,,,,,,,,,,,,6233333333.333333,6704666666.666667,5102666666.666667,5665000000.0
1984-04-01,,,,,,,,,,,,,,,,9549778105.0,,,,,,,,,,,,,,,,,,,,,,,,,,,,,,,,,,,,,,,,,,,,,,,,,,,,,,,,,,,,,,,,,,,,
1984-05-01,,,,,,,,,,,,,,,,7781009897.0,,,,,,,,,,,,,,,,,,,,,,,,,,,,,,,,,,,,,,,,,,,,,,,,,,,,,,,,,,,,,,,,,,,,
1984-06-01,,,,,,,,,,,,,,,,11068200470.0,,,,,,,,,,,,,,,,,,,,,,,,,,,,,,,,,,,,,,,,,,,,,,75490000000.0,,,,,,,,,,,,,,,,,,,6720666666.666667,6734000000.0,5197666666.666667,5643333333.333333
1984-07-01,,,,,,,,,,,,,,,,8817213791.0,,,,,,,,,,,,,,,,,,,,,,,,,,,,,,,,,,,,,,,,,,,,,,,,,,,,,,,,,,,,,,,,,,,,
1984-08-01,,,,,,,,,,,,,,,,8789730706.0,,,,,,,,,,,,,,,,,,,,,,,,,,,,,,,,,,,,,,,,,,,,,,,,,,,,,,,,,,,,,,,,,,,,
1984-09-01,,,,,,,,,,,,,,,,11090450364.0,,,,,,,,,,,,,,,,,,,,,,,,,,,,,,,,,,,,,,,,,,,,,,78500000000.0,,,,,,,,,,,,,,,,,,,6870666666.666667,6875000000.0,5487333333.333333,5829333333.333333
1984-10-01,,,,,,,,,,,,,,,,7596645469.0,,,,,,,,,,,,,,,,,,,,,,,,,,,,,,,,,,,,,,,,,,,,,,,,,,,,,,,,,,,,,,,,,,,,
1984-11-01,,,,,,,,,,,,,,,,8279402468.0,,,,,,,,,,,,,,,,,,,,,,,,,,,,,,,,,,,,,,,,,,,,,,,,,,,,,,,,,,,,,,,,,,,,
1984-12-01,,,,,,,,,,,,,,,,15797169461.0,,,,,,,,,,,,,,,,,,,,,,,,,,,,,,,,,,,,,,,,,,,,,,84473333333.33333,,,,,,,,,,,,,,,,,,,6824000000.0,7029666666.666667,6224333333.333333,5836333333.333333
1985-01-01,,,,,,,,,,,,,,,,7635448058.0,,,,,,,,,,,,,,,,,,,,,,,,,,,,,,,,,,,,,,,,,,,,,,,,,,,,,,,,,,,,,,,,,,,,
1985-02-01,,,,,,,,,,,,,,,,7835296165.0,,,,,,,,,,,,,,,,,,,,,,,,,,,,,,,,,,,,,,,,,,,,,,,,,,,,,,,,,,,,,,,,,,,,
1985-03-01,,,,,,,,,,,,,,,,10157091652.0,,,,,,,,,,,,,,,,,,,,,,,,,,,,,,,,,,,,,,,,,,,,,,77343333333.33333,,,,,,,,,,,,,,,,,,,7176333333.333333,7008333333.333333,5331333333.333333,5908000000.0
1985-04-01,,,,,,,,,,,,,,,,10007847318.0,,,,,,,,,,,,,,,,,,,,,,,,,,,,,,,,,,,,,,,,,,,,,,,,,,,,,,,,,,,,,,,,,,,,
1985-05-01,,,,,,,,,,,,,,,,7461337805.0,,,,,,,,,,,,,,,,,,,,,,,,,,,,,,,,,,,,,,,,,,,,,,,,,,,,,,,,,,,,,,,,,,,,
1985-06-01,,,,,,,,,,,,,,,,12346714976.0,,,,,,,,,,,,,,,,,,,,,,,,,,,,,,,,,,,,,,,,,,,,,,79603333333.33333,,,,,,,,,,,,,,,,,,,7066000000.0,6886000000.0,5495000000.0,5894666666.666667
1985-07-01,,,,,,,,,,,,,,,,9524694178.0,,,,,,,,,,,,,,,,,,,,,,,,,,,,,,,,,,,,,,,,,,,,,,,,,,,,,,,,,,,,,,,,,,,,
1985-08-01,,,,,,,,,,,,,,,,9250860179.0,,,,,,,,,,,,,,,,,,,,,,,,,,,,,,,,,,,,,,,,,,,,,,,,,,,,,,,,,,,,,,,,,,,,
1985-09-01,,,,,,,,,,,,,,,,12665588973.0,,,,,,,,,,,,,,,,,,,,,,,,,,,,,,,,,,,,,,,,,,,,,,82870000000.0,,,,,,,,,,,,,,,,,,,7087333333.333333,7038666666.666667,5915333333.333333,6084000000.0
1985-10-01,,,,,,,,,,,,,,,,7950436320.0,,,,,,,,,,,,,,,,,,,,,,,,,,,,,,,,,,,,,,,,,,,,,,,,,,,,,,,,,,,,,,,,,,,,
1985-11-01,,,,,,,,,,,,,,,,8200247475.0,,,,,,,,,,,,,,,,,,,,,,,,,,,,,,,,,,,,,,,,,,,,,,,,,,,,,,,,,,,,,,,,,,,,
1985-12-01,,,,,,,,,,,,,,,,16783500198.0,,,,,,,,,,,,,,,,,,,,,,,,,,,,,,,,,,,,,,,,,,,,,,88319999999.99998,,,,,,,,,,,,,,,,,,,6924000000.0,7076333333.333333,6716666666.666667,6074666666.666667
1986-01-01,,,,,,,,,,,,,,,,7089604173.0,,,,,,,,,,,,,,,,,,,,,,,,,,,,,,,,,,,,,,,,,,,,,,,,,,,,,,,,,,,,,,,,,,,,
1986-02-01,,,,,,,,,,,,,,,,8500424800.0,,,,,,,,,,,,,,,,,,,,,,,,,,,,,,,,,,,,,,,,,,,,,,,,,,,,,,,,,,,,,,,,,,,,
1986-03-01,,,,,,,,,,,,,,,,10402374588.0,,,,,,,,,,,,,,,,,,,,,,,,,,,,,,,,,,,,,,,,,,,,,,80340000000.0,,,,,,,,,,,,,,,,,,,6950666666.666667,7016000000.0,5638333333.333333,6123666666.666667
1986-04-01,,,,,,,,,,,,,,,,11696864309.0,,,,,,,,,,,,,,,,,,,,,,,,,,,,,,,,,,,,,,,,,,,,,,,,,,,,,,,,,,,,,,,,,,,,
1986-05-01,,,,,,,,,,,,,,,,7784101737.0,,,,,,,,,,,,,,,,,,,,,,,,,,,,,,,,,,,,,,,,,,,,,,,,,,,,,,,,,,,,,,,,,,,,
1986-06-01,,,,,,,,,,,,,,,,13247331468.0,,,,,,,,,,,,,,,,,,,,,,,,,,,,,,,,,,,,,,,,,,,,,,85026666666.66667,,,,,,,,,,,,,,,,,,,7400666666.666667,7057333333.333333,5934333333.333333,6093000000.0
1986-07-01,,,,,,,,,,,,,,,,10472080064.0,,,,,,,,,,,,,,,,,,,,,,,,,,,,,,,,,,,,,,,,,,,,,,,,,,,,,,,,,,,,,,,,,,,,
1986-08-01,,,,,,,,,,,,,,,,8188839881.0,,,,,,,,,,,,,,,,,,,,,,,,,,,,,,,,,,,,,,,,,,,,,,,,,,,,,,,,,,,,,,,,,,,,
1986-09-01,,,,,,,,,,,,,,,,11142897282.0,,,,,,,,,,,,,,,,,,,,,,,,,,,,,,,,,,,,,,,,,,,,,,87403333333.33333,,,,,,,,,,,,,,,,,,,7452333333.333333,7238000000.0,6228000000.0,6316333333.333333
1986-10-01,,,,,,,,,,,,,,,,8121294673.0,,,,,,,,,,,,,,,,,,,,,,,,,,,,,,,,,,,,,,,,,,,,,,,,,,,,,,,,,,,,,,,,,,,,
1986-11-01,,,,,,,,,,,,,,,,8500482608.0,,,,,,,,,,,,,,,,,,,,,,,,,,,,,,,,,,,,,,,,,,,,,,,,,,,,,,,,,,,,,,,,,,,,
1986-12-01,,,,,,,,,,,,,,,,16665678393.0,,,,,,,,,,,,,,,,,,,,,,,,,,,,,,,,,,,,,,,,,,,,,,92940000000.0,,,,,,,,,,,,,,,,,,,7984000000.0,7265000000.0,7059000000.0,6308000000.0
1987-01-01,,,,,,,,,,,,,,,,7951501598.0,,,,,,,,,,,,,,,,,,,,,,,,,,,,,,,,,,,,,,,,,,,,,,,,,,,,,,,,,,,,,,,,,,,,
1987-02-01,,,,,,,,,,,,,,,,8104689436.0,,,,,,,,,,,,,,,,,,,,,,,,,,,,,,,,,,,,,,,,,,,,,,,,,,,,,,,,,,,,,,,,,,,,
1987-03-01,,,,,,,,,,,,,,,,10742940111.0,,,,,,,,,,,,,,,,,,,,,,,,,,,,,,,,,,,,,,,,,,,,,,82920000000.0,,,,,,,,,,,,,,,,,,,7117333333.333333,7253666666.666667,5859000000.0,6368666666.666667
1987-04-01,,,,,,,,,,,,,,,,12663221882.0,,,,,,,,,,,,,,,,,,,,,,,,,,,,,,,,,,,,,,,,,,,,,,,,,,,,,,,,,,,,,,,,,,,,
1987-05-01,,,,,,,,,,,,,,,,7443100110.0,,,,,,,,,,,,,,,,,,,,,,,,,,,,,,,,,,,,,,,,,,,,,,,,,,,,,,,,,,,,,,,,,,,,
1987-06-01,,,,,,,,,,,,,,,,11744577062.0,,,,,,,,,,,,,,,,,,,,,,,,,,,,,,,,,,,,,,,,,,,,,,86680000000.00002,,,,,,,,,,,,,,,,,,,7229000000.0,7297333333.333333,5926333333.333333,6365666666.666667
1987-07-01,,,,,,,,,,,,,,,,9292474917.999992,,,,,,,,,,,,,,,,,,,,,,,,,,,,,,,,,,,,,,,,,,,,,,,,,,,,,,,,,,,,,,,,,,,,
1987-08-01,,,,,,,,,,,,,,,,8996983853.000008,,,,,,,,,,,,,,,,,,,,,,,,,,,,,,,,,,,,,,,,,,,,,,,,,,,,,,,,,,,,,,,,,,,,
1987-09-01,,,,,,,,,,,,,,,,11928624429.0,,,,,,,,,,,,,,,,,,,,,,,,,,,,,,,,,,,,,,,,,,,,,,89323333333.33334,,,,,,,,,,,,,,,,,,,7631000000.0,7559333333.333333,6344666666.666667,6633333333.333333
1987-10-01,,,,,,,,,,,,,,,,8457504777.0,,,,,,,,,,,,,,,,,,,,,,,,,,,,,,,,,,,,,,,,,,,,,,,,,,,,,,,,,,,,,,,,,,,,
1987-11-01,,,,,,,,,,,,,,,,8704917981.0,,,,,,,,,,,,,,,,,,,,,,,,,,,,,,,,,,,,,,,,,,,,,,,,,,,,,,,,,,,,,,,,,,,,
1987-12-01,,,,,,,,,,,,,,,,17256596099.0,,,,,,,,,,,,,,,,,,,,,,,,,,,,,,,,,,,,,,,,,,,,,,96120000000.0,,,,,,,,,,,,,,,,,,,8452333333.333333,7618000000.0,7139666666.666667,6631333333.333333
1988-01-01,,,,,,,,,,,,,,,,8091245399.0,,,,,,,,,,,,,,,,,,,,,,,,,,,,,,,,,,,,,,,,,,,,,,,,,,,,,,,,,,,,,,,,,,,,
1988-02-01,,,,,,,,,,,,,,,,8606664628.000002,,,,,,,,,,,,,,,,,,,,,,,,,,,,,,,,,,,,,,,,,,,,,,,,,,,,,,,,,,,,,,,,,,,,
1988-03-01,,,,,,,,,,,,,,,,11027883598.999998,,,,,,,,,,,,,,,,,,,,,,,,,,,,,,,,,,,,,,,,,,,,,,87423333333.33333,,,,,,,,,,,,,,,,,,,7426333333.333333,7623666666.666667,6054333333.333333,6697000000.0
1988-04-01,,,,,,,,,,,,,,,,9198325756.0,,,,,,,,,,,,,,,,,,,,,,,,,,,,,,,,,,,,,,,,,,,,,,,,,,,,,,,,,,,,,,,,,,,,
1988-05-01,,,,,,,,,,,,,,,,8998722586.0,,,,,,,,,,,,,,,,,,,,,,,,,,,,,,,,,,,,,,,,,,,,,,,,,,,,,,,,,,,,,,,,,,,,
1988-06-01,,,,,,,,,,,,,,,,11779478039.0,,,,,,,,,,,,,,,,,,,,,,,,,,,,,,,,,,,,,,,,,,,,,,91299999999.99998,,,,,,,,,,,,,,,,,,,7594666666.666667,7651333333.333333,6223000000.0,6682666666.666667
1988-07-01,,,,,,,,,,,,,,,,9777755383.0,,,,,,,,,,,,,,,,,,,,,,,,,,,,,,,,,,,,,,,,,,,,,,,,,,,,,,,,,,,,,,,,,,,,
1988-08-01,,,,,,,,,,,,,,,,8691150627.0,,,,,,,,,,,,,,,,,,,,,,,,,,,,,,,,,,,,,,,,,,,,,,,,,,,,,,,,,,,,,,,,,,,,
1988-09-01,,,,,,,,,,,,,,,,11954599015.0,,,,,,,,,,,,,,,,,,,,,,,,,,,,,,,,,,,,,,,,,,,,,,94523333333.33333,,,,,,,,,,,,,,,,,,,7868000000.0,7930333333.333333,6501666666.666667,6931666666.666667
1988-10-01,,,,,,,,,,,,,,,,8839999742.0,,,,,,,,,,,,,,,,,,,,,,,,,,,,,,,,,,,,,,,,,,,,,,,,,,,,,,,,,,,,,,,,,,,,
1988-11-01,,,,,,,,,,,,,,,,7806670479.0,,,,,,,,,,,,,,,,,,,,,,,,,,,,,,,,,,,,,,,,,,,,,,,,,,,,,,,,,,,,,,,,,,,,
1988-12-01,,,,,,,,,,,,,,,,17621562952.0,,,,,,,,,,,,,,,,,,,,,,,,,,,,,,,,,,,,,,,,,,,,,,101183333333.33333,,,,,,,,,,,,,,,,,,,8842000000.0,8002666666.666667,7434333333.333333,6929000000.0
1989-01-01,,,,,,,,,,,,,,,,8115977469.0,,,,,,,,,,,,,,,,,,,,,,,,,,,,,,,,,,,,,,,,,,,,,,,,,,,,,,,,,,,,,,,,,,,,
1989-02-01,,,,,,,,,,,,,,,,10150575773.0,,,,,,,,,,,,,,,,,,,,,,,,,,,,,,,,,,,,,,,,,,,,,,,,,,,,,,,,,,,,,,,,,,,,
1989-03-01,,,,,,,,,,,,,,,,12141052920.0,,,,,,,,,,,,,,,,,,,,,,,,,,,,,,,,,,,,,,,,,,,,,,94436666666.66667,,,,,,,,,,,,,,,,,,,7799000000.0,8011000000.0,6309000000.0,7014666666.666667
1989-04-01,,,,,,,,,,,,,,,,11934947119.0,,,,,,,,,,,,,,,,,,,,,,,,,,,,,,,,,,,,,,,,,,,,,,,,,,,,,,,,,,,,,,,,,,,,
1989-05-01,,,,,,,,,,,,,,,,9752046666.0,,,,,,,,,,,,,,,,,,,,,,,,,,,,,,,,,,,,,,,,,,,,,,,,,,,,,,,,,,,,,,,,,,,,
1989-06-01,,,,,,,,,,,,,,,,12833830122.0,,,,,,,,,,,,,,,,,,,,,,,,,,,,,,,,,,,,,,,,,,,,,,98540000000.0,,,,,,,,,,,,,,,,,,,8003000000.0,8059000000.0,6536333333.333333,7000333333.333333
1989-07-01,,,,,,,,,,,,,,,,11003857081.0,,,,,,,,,,,,,,,,,,,,,,,,,,,,,,,,,,,,,,,,,,,,,,,,,,,,,,,,,,,,,,,,,,,,
1989-08-01,,,,,,,,,,,,,,,,9683862180.0,,,,,,,,,,,,,,,,,,,,,,,,,,,,,,,,,,,,,,,,,,,,,,,,,,,,,,,,,,,,,,,,,,,,
1989-09-01,,,,,,,,,,,,,,,,12740614421.0,,,,,,,,,,,,,,,,,,,,,,,,,,,,,,,,,,,,,,,,,,,,,,100216666666.66667,,,,,,,,,,,,,,,,,,,8306666666.666667,8370666666.666667,6839666666.666667,7265666666.666667
1989-10-01,,,,,,,,,,,,,,,,9851035387.0,,,,,,,,,,,,,,,,,,,,,,,,,,,,,,,,,,,,,,,,,,,,,,,,,,,,,,,,,,,,,,,,,,,,
1989-11-01,,,,,,,,,,,,,,,,9821430162.0,,,,,,,,,,,,,,,,,,,,,,,,,,,,,,,,,,,,,,,,,,,,,,,,,,,,,,,,,,,,,,,,,,,,
1989-12-01,,,,,,,,,,,,,,,,19870879513.0,,,,,,,,,,,,,,,,,,,,,,,,,,,,,,,,,,,,,,,,,,,,,,107026666666.66667,,,,,,,,,,,,,,,,,,,9319333333.333334,8411000000.0,7806666666.666667,7249333333.333333
1990-01-01,,,,,,,,,,,,,,,,8287927911.000001,,,,,,,,,,,,,,,,,,,,,,,,,,,,,,,,,,,,,,,,,,,,,,,,,,,,,,,,,,,,,,,,,,,,
1990-02-01,,,,,,,,,,,,,,,,10274172998.0,,,,,,,,,,,,,,,,,,,,,,,,,,,,,,,,,,,,,,,,,,,,,,,,,,,,,,,,,,,,,,,,,,,,
1990-03-01,,,,,,,,,,,,,,,,12363348028.0,,,,,,,,,,,,,,,,,,,,,,,,,,,,,,,,,,,,,,,,,,,,,,102690000000.0,,,,,,,,,,,,,,,,,,,8382000000.0,8441333333.333333,6756000000.0,7334666666.666667
1990-04-01,,,,,,,,,,,,,,,,13601788958.0,,,,,,,,,,,,,,,,,,,,,,,,,,,,,,,,,,,,,,,,,,,,,,,,,,,,,,,,,,,,,,,,,,,,
1990-05-01,,,,,,,,,,,,,,,,9456602901.0,,,,,,,,,,,,,,,,,,,,,,,,,,,,,,,,,,,,,,,,,,,,,,,,,,,,,,,,,,,,,,,,,,,,
1990-06-01,,,,,,,,,,,,,,,,12725237500.000008,,,,,,,,,,,,,,,,,,,,,,,,,,,,,,,,,,,,,,,,,,,,,,106373333333.33333,,,,,,,,,,,,,,,,,,,8674000000.0,8487000000.0,7084666666.666667,7340333333.333333
1990-07-01,,,,,,,,,,,,,,,,11692943727.999992,,,,,,,,,,,,,,,,,,,,,,,,,,,,,,,,,,,,,,,,,,,,,,,,,,,,,,,,,,,,,,,,,,,,
1990-08-01,,,,,,,,,,,,,,,,11267872585.0,,,,,,,,,,,,,,,,,,,,,,,,,,,,,,,,,,,,,,,,,,,,,,,,,,,,,,,,,,,,,,,,,,,,
1990-09-01,,,,,,,,,,,,,,,,12990926096.0,,,,,,,,,,,,,,,,,,,,,,,,,,,,,,,,,,,,,,,,,,,,,,109753333333.33333,,,,,,,,,,,,,,,,,,,9036666666.666666,8786333333.333334,7471333333.333333,7598000000.0
1990-10-01,,,,,,,,,,,,,,,,11071720534.0,,,,,,,,,,,,,,,,,,,,,,,,,,,,,,,,,,,,,,,,,,,,,,,,,,,,,,,,,,,,,,,,,,,,
1990-11-01,,,,,,,,,,,,,,,,10738179750.0,,,,,,,,,,,,,,,,,,,,,,,,,,,,,,,,,,,,,,,,,,,,,,,,,,,,,,,,,,,,,,,,,,,,
1990-12-01,,,,,,,,,,,,,,,,45328241540.0,,,,,,,,,,,,,,,,,,,,,,,,,,,,,,,,,,,,,,,,,,,,,,116743333333.33333,,,,,,,,,,,,,,,,,,,10181333333.333334,8854333333.333334,8494666666.666667,7612333333.333333
1991-01-01,,19486765210.0,,,,,,,,,,,,,,9717318956.0,,,,,,,,,,,,,,,,,,,,,,,,,,,,,,,,,,,,,,,,,,,,,,,,,,,,,,,,,,,,,,,,,,,,
1991-02-01,,21154906101.0,,,,,,,,,,,,,,11929393277.0,,,,,,,,,,,,,,,,,,,,,,,,,,,,,,,,,,,,,,,,,,,,,,,,,,,,,,,,,,,,,,,,,,,,
1991-03-01,,27242296110.0,,,,,,,,,,,,,,14176242799.0,,,,,,,,,,,,,,,,,,,,,,,,,,,,,,,,,58504333333.333336,10018666666.666666,3127000000.0,4864000000.0,19171333333.333332,-8149666666.666667,50354666666.666664,44341000000.0,18806666666.666668,25534333333.333332,7425000000.0,38979000.0,35407000.0,125410000000.0,32512000000.0,64136000000.0,5174454900.0,72320666666.66667,23400666666.666668,34223666666.666668,31538333333.333332,31545000000.0,,,,,,,,,,,10791333333.333334,10116000000.0,8102666666.666667,8765333333.333334
1991-04-01,,19500161057.0,,,,,,,,,,,,,,15084010048.0,,,,,,,,,,,,,,,,,,,,,,,,,,,,,,,,,,,,,,,,,,,,,,,,,,,,,,,,,,,,,,,,,,,,
1991-05-01,,21880684927.0,,,,,,,,,,,,,,12008043607.0,,,,,,,,,,,,,,,,,,,,,,,,,,,,,,,,,,,,,,,,,,,,,,,,,,,,,,,,,,,,,,,,,,,,
1991-06-01,,30590746640.0,,,,,,,,,,,,,,15449610920.0,,,,,,,,,,,,,,,,,,,,,,,,,,,,,,,,,57784666666.666664,11056333333.333332,4036333333.3333335,5328000000.0,19052333333.333332,-675000000.0,57109666666.666664,49580000000.0,21362666666.666664,28217333333.333332,8067000000.0,38855000.0,35294000.0,130546666666.66667,31324000000.0,69478000000.0,4782646166.666667,73251333333.33333,25098666666.666668,35501333333.333336,30405000000.0,31998666666.666668,,,,,,,,,,,10529666666.666666,10241000000.0,8639000000.0,8769666666.666666
1991-07-01,,24591605610.0,,,,,,,,,,,,,,13931151354.0,,,,,,,,,,,,,,,,,,,,,,,,,,,,,,,,,,,,,,,,,,,,,,,,,,,,,,,,,,,,,,,,,,,,
1991-08-01,,24482904956.0,,,,,,,,,,,,,,14088582308.0,,,,,,,,,,,,,,,,,,,,,,,,,,,,,,,,,,,,,,,,,,,,,,,,,,,,,,,,,,,,,,,,,,,,
1991-09-01,,31688081275.0,,,,,,,,,,,,,,17055846650.0,,,,,,,,,,,,,,,,,,,,,,,,,,,,,,,,,60813000000.0,11415333333.333334,4542666666.666667,5549333333.333333,20108333333.333332,-3806333333.3333335,57006666666.666664,50525000000.0,21626000000.0,28899000000.0,8250333333.333333,38782000.0,35225000.0,133176666666.66667,31512333333.333332,71774333333.33333,5139619700.0,73180333333.33333,25207000000.0,34649333333.333336,31928333333.333332,32370000000.0,,,,,,,,,,,10800666666.666666,10841333333.333334,8860333333.333334,9360000000.0
1991-10-01,,23115812724.0,,,,,,,,,,,,,,13740691560.000015,,,,,,,,,,,,,,,,,,,,,,,,,,,,,,,,,,,,,,,,,,,,,,,,,,,,,,,,,,,,,,,,,,,,
1991-11-01,,23280346451.0,,,,,,,,,,,,,,13897613100.999985,,,,,,,,,,,,,,,,,,,,,,,,,,,,,,,,,,,,,,,,,,,,,,,,,,,,,,,,,,,,,,,,,,,,
1991-12-01,,47688858439.0,,,,,,,7.3,,,,,,,27142202079.0,,,,,,,,,,,,,,,,,,,,,,,,,,,,,,,,,69798666666.66667,14504666666.666666,5079333333.333333,6878666666.666667,20173333333.333332,-4398000000.0,65400666666.666664,58361000000.0,24282000000.0,34079000000.0,9343666666.666666,38876000.0,35312000.0,141403333333.33334,27785000000.0,83050666666.66667,5033001800.0,75974000000.0,26098333333.333332,35860000000.0,32041666666.666668,32480666666.666668,,,,,,,,,,,11955000000.0,10856000000.0,10015000000.0,9313000000.0
1992-01-01,,24162887368.0,,,,,,,7.6,,,,,,,11825486862.0,,,,,,,,,,,,,,,,,,,,,,,,,,,,,,,,,,,,,,,,,,,,,,,,,,,,,,,,,,,,,,,,,,,,
1992-02-01,,25452109846.0,,,,,,,7.5,,,,,,,15131953040.0,,,,,,,,,,,,,,,,,,,,,,,,,,,,,,,,,,,,,,,,,,,,,,,,,,,,,,,,,,,,,,,,,,,,
1992-03-01,,33102007843.0,,,,,,,7.4,,,,,,,17588480851.0,,,,,,,,,,,,,,,,,,,,,,,,,,,,,,,,,62277000000.0,11211666666.666666,3817333333.3333335,5469333333.333334,21772000000.0,-3795666666.6666665,58481333333.333336,51822666666.666664,21358333333.333332,30464333333.333332,8754666666.666666,38365000.0,34762000.0,137040000000.0,34298000000.0,70408666666.66667,5156879100.0,77687666666.66667,26431000000.0,37062333333.333336,32364000000.0,32782666666.666668,,,,,,,,,,,11225666666.666666,11136000000.0,8864333333.333334,9654333333.333334
1992-04-01,,23243584565.0,,,,,,,7.5,,,,,,,17285682598.0,,,,,,,,,,,,,,,,,,,,,,,,,,,,,,,,,,,,,,,,,,,,,,,,,,,,,,,,,,,,,,,,,,,,
1992-05-01,,25043025212.0,,,,,,,7.6,,,,,,,14820166222.0,,,,,,,,,,,,,,,,,,,,,,,,,,,,,,,,,,,,,,,,,,,,,,,,,,,,,,,,,,,,,,,,,,,,
1992-06-01,,34561797293.0,,,,,,,7.7,,,,,,,18631598392.0,,,,,,,,,,,,,,,,,,,,,,,,,,,,,,,,,63974000000.0,11668000000.0,4619666666.666667,5641666666.666667,21348000000.0,39666666.666666664,64013666666.666664,54410000000.0,22857666666.666664,31552333333.333332,9402666666.666666,38324000.0,34724000.0,139540000000.0,32703666666.666668,74408333333.33333,4739583266.666667,78530000000.0,27264666666.666668,37240666666.666664,31013333333.333332,32106000000.0,,,,,,,,,,,11329333333.333334,11347666666.666666,8966000000.0,9788333333.333334
1992-07-01,,26357045346.0,,,,,,,7.8,,,,,,,15589243028.0,,,,,,,,,,,,,,,,,,,,,,,,,,,,,,,,,,,,,,,,,,,,,,,,,,,,,,,,,,,,,,,,,,,,
1992-08-01,,26412571645.0,,,,,,,7.9,,,,,,,15760779645.0,,,,,,,,,,,,,,,,,,,,,,,,,,,,,,,,,,,,,,,,,,,,,,,,,,,,,,,,,,,,,,,,,,,,
1992-09-01,,33082118589.0,,,,,,,7.9,,,,,,,17634621975.0,,,,,,,,,,,,,,,,,,,,,,,,,,,,,,,,,67205000000.0,13064000000.0,4921333333.333333,5899333333.333333,22126000000.0,-5220333333.333333,61984666666.666664,54458333333.333336,23629000000.0,30829333333.333332,9318666666.666666,38410000.0,34792000.0,143770000000.0,32129666666.666668,78843000000.0,5110499533.333333,79346333333.33333,28095666666.666668,35236666666.666664,31841666666.666668,31654333333.333332,,,,,,,,,,,12172000000.0,11842000000.0,9818333333.333334,10164333333.333334
1992-10-01,,23979998262.0,,,,,,,8.0,,,,,,,13263107364.0,,,,,,,,,,,,,,,,,,,,,,,,,,,,,,,,,,,,,,,,,,,,,,,,,,,,,,,,,,,,,,,,,,,,
1992-11-01,,24995884100.0,,,,,,,8.1,,,,,,,14450914277.0,,,,,,,,,,,,,,,,,,,,,,,,,,,,,,,,,,,,,,,,,,,,,,,,,,,,,,,,,,,,,,,,,,,,
1992-12-01,,48180772358.0,,,,,,,8.1,,,,,,,26296180987.0,,,,,,,,,,,,,,,,,,,,,,,,,,,,,,,,,76436666666.66667,15679000000.0,5470333333.333334,7521666666.666667,23146666666.666668,-6023333333.333333,70413333333.33333,61762666666.666664,26762333333.333332,35000333333.333336,10366333333.333334,38350000.0,34738000.0,149613333333.33334,26988333333.333332,89026333333.33333,5003588900.0,80468333333.33333,28555666666.666668,36432000000.0,30405000000.0,31986666666.666668,,,,,,,,,,,13141000000.0,11949000000.0,10838000000.0,10199666666.666666
1993-01-01,,24298584233.0,,,,,,,8.2,,,,,,,12753928307.0,,,,,,,,,,,,,,,,,,,,,,,,,,,,,,,,,,,,,,,,,,,,,,,,,,,,,,,,,,,,,,,,,,,,
1993-02-01,,25985182761.0,,,,,,,8.3,,,,,,,14630450081.0,,,,,,,,,,,,,,,,,,,,,,,,,,,,,,,,,,,,,,,,,,,,,,,,,,,,,,,,,,,,,,,,,,,,
1993-03-01,,32477055777.0,,,,,,,8.4,,,,,,,16757193083.0,,,,,,,,,,,,,,,,,,,,,,,,,,,,,,,,,66084333333.333336,12149333333.333334,3652000000.0,5748666666.666667,23862333333.333332,-4972000000.0,61112333333.333336,54054333333.333336,23156666666.666668,30897666666.666668,9141000000.0,37841000.0,34185000.0,139720000000.0,31935000000.0,73138000000.0,4963749966.666667,81531000000.0,28027666666.666668,34020666666.666668,29306000000.0,28748333333.333332,,,,,,,,,,,11632666666.666666,12185666666.666666,9150000000.0,10460000000.0
1993-04-01,,23789030744.0,,,,,,,8.5,,,,,,,16685040517.0,,,,,,,,,,,,,,,,,,,,,,,,,,,,,,,,,,,,,,,,,,,,,,,,,,,,,,,,,,,,,,,,,,,,
1993-05-01,,25509732441.0,,,,,,,8.7,,,,,,,14123605985.0,,,,,,,,,,,,,,,,,,,,,,,,,,,,,,,,,,,,,,,,,,,,,,,,,,,,,,,,,,,,,,,,,,,,
1993-06-01,,35353277125.0,,,,,,,8.8,,,,,,,18353497512.0,,,,,,,,,,,,,,,,,,,,,,,,,,,,,,,,,67772000000.0,12577666666.666666,4589333333.333333,5935333333.333333,23284000000.0,-1816000000.0,65956000000.0,56345000000.0,24457666666.666668,31887333333.333332,9685000000.0,37747000.0,34091000.0,144326666666.66666,32218000000.0,76797666666.66667,4592408466.666667,81859333333.33333,28735333333.333332,35723000000.0,28662666666.666668,28859333333.333332,,,,,,,,,,,11948333333.333334,12256000000.0,9452000000.0,10466333333.333334
1993-07-01,,25940802626.0,,,,,,,9.1,,,,,,,14083553962.0,,,,,,,,,,,,,,,,,,,,,,,,,,,,,,,,,,,,,,,,,,,,,,,,,,,,,,,,,,,,,,,,,,,,
1993-08-01,,27025866256.0,,,,,,,9.2,,,,,,,15484435246.0,,,,,,,,,,,,,,,,,,,,,,,,,,,,,,,,,,,,,,,,,,,,,,,,,,,,,,,,,,,,,,,,,,,,
1993-09-01,,34586492691.0,,,,,,,9.4,,,,,,,18225620003.0,,,,,,,,,,,,,,,,,,,,,,,,,,,,,,,,,70475000000.0,13089333333.333334,4901666666.666667,6055666666.666667,24381666666.666668,-6626000000.0,63849000000.0,56224000000.0,24672000000.0,31552000000.0,9821000000.0,37900000.0,34222000.0,147943333333.33334,32380333333.333332,79473000000.0,4966854200.0,82564333333.33333,28755666666.666668,36141333333.333336,28807000000.0,29279666666.666668,,,,,,,,,,,12351000000.0,13048666666.666666,9889333333.333334,11097000000.0
1993-10-01,,24952731066.0,,,,,,,9.6,,,,,,,15505014215.0,,,,,,,,,,,,,,,,,,,,,,,,,,,,,,,,,,,,,,,,,,,,,,,,,,,,,,,,,,,,,,,,,,,,
1993-11-01,,26554813046.0,,,,,,,9.6,,,,,,,14931010923.0,,,,,,,,,,,,,,,,,,,,,,,,,,,,,,,,,,,,,,,,,,,,,,,,,,,,,,,,,,,,,,,,,,,,
1993-12-01,,50402182194.0,,,,,,,9.6,,,,,,,28116870501.0,,,,,,,,,,,,,,,,,,,,,,,,,,,,,,,,,78726000000.0,15996333333.333334,5120666666.666667,7561000000.0,24988000000.0,-4804333333.333333,73921666666.66667,65309666666.666664,28047666666.666668,37262000000.0,10325333333.333334,37971000.0,34288000.0,153790000000.0,26797333333.333332,90813666666.66666,4897776166.666667,83864000000.0,28873000000.0,35131333333.333336,29298333333.333332,29240000000.0,,,,,,,,,,,13527000000.0,13229000000.0,11106666666.666666,11220666666.666666
1994-01-01,,26664996447.0,,,,,,,9.7,,,,,,,13894697812.0,,,,,,,,,,,,,,,,,,,,,,,,,,,,,,,,,,,,,,,,,,,,,,,,,,,,,,,,,,,,,,,,,,,,
1994-02-01,,29675022880.0,,,,,,,9.7,,,,,,,16864906648.0,,,,,,,,,,,,,,,,,,,,,,,,,,,,,,,,,,,,,,,,,,,,,,,,,,,,,,,,,,,,,,,,,,,,
1994-03-01,,34932535036.0,,,,,,,9.7,,,,,,,20018493112.0,,,,,,,,,,,,,,,,,,,,,,,,,,,,,,,,,69879666666.66667,12688333333.333334,3678666666.6666665,5835666666.666667,25925000000.0,-3699666666.6666665,66180000000.0,58685666666.666664,25386333333.333332,33299333333.333332,9932333333.333334,37613000.0,33881000.0,146943333333.33334,32440333333.333332,75911000000.0,4942100700.0,84733333333.33333,29465666666.666668,36145666666.666664,30347333333.333332,29831000000.0,,,,,,,,,,,12768333333.333334,13557000000.0,9912666666.666666,11541000000.0
1994-04-01,,26009417996.0,,,,,,,9.8,,,,,,,18532640244.0,,,,,,,,,,,,,,,,,,,,,,,,,,,,,,,,,,,,,,,,,,,,,,,,,,,,,,,,,,,,,,,,,,,,
1994-05-01,,27469156317.0,,,,,,,9.8,,,,,,,15962586553.0,,,,,,,,,,,,,,,,,,,,,,,,,,,,,,,,,,,,,,,,,,,,,,,,,,,,,,,,,,,,,,,,,,,,
1994-06-01,,34173931272.0,,,,,,,9.7,,,,,,,19322475015.0,,,,,,,,,,,,,,,,,,,,,,,,,,,,,,,,,70426333333.33333,12646666666.666666,4528666666.666667,5927666666.666667,25160666666.666668,-398000000.0,70028333333.33333,59433666666.666664,26223333333.333332,33210333333.333332,10345333333.333334,37685000.0,33946000.0,150196666666.66666,33637666666.666668,78258000000.0,4565928900.0,84998333333.33333,29581333333.333332,36847666666.666664,31787666666.666668,31095333333.333332,,,,,,,,,,,13413666666.666666,13636333333.333334,10543666666.666666,11568333333.333334
1994-07-01,,27894704550.0,,,,,,,9.7,,,,,,,15745273995.0,,,,,,,,,,,,,,,,,,,,,,,,,,,,,,,,,,,,,,,,,,,,,,,,,,,,,,,,,,,,,,,,,,,,
1994-08-01,,27873639324.0,,,,,,,9.6,,,,,,,16168013322.0,,,,,,,,,,,,,,,,,,,,,,,,,,,,,,,,,,,,,,,,,,,,,,,,,,,,,,,,,,,,,,,,,,,,
1994-09-01,,34416181365.0,,,,,,,9.5,,,,,,,17761162025.0,,,,,,,,,,,,,,,,,,,,,,,,,,,,,,,,,73287000000.0,13332000000.0,4712666666.666667,6089000000.0,25694000000.0,-6660333333.333333,66626666666.666664,58675666666.666664,26376666666.666668,32299000000.0,10661000000.0,38006000.0,34247000.0,154400000000.0,34882666666.666664,81269000000.0,4965217400.0,85804666666.66667,29844333333.333332,37957333333.333336,31677333333.333332,31824333333.333332,,,,,,,,,,,13715666666.666666,14273666666.666666,10920666666.666666,12086000000.0
1994-10-01,,26351114361.0,,,,,,,9.4,,,,,,,16874923061.0,,,,,,,,,,,,,,,,,,,,,,,,,,,,,,,,,,,,,,,,,,,,,,,,,,,,,,,,,,,,,,,,,,,,
1994-11-01,,26594335909.0,,,,,,,9.3,,,,,,,15594617095.0,,,,,,,,,,,,,,,,,,,,,,,,,,,,,,,,,,,,,,,,,,,,,,,,,,,,,,,,,,,,,,,,,,,,
1994-12-01,,53353052157.0,,,,,,,9.3,,,,,,,28327480631.0,,,,,,,,,,,,,,,,,,,,,,,,,,,,,,,,,82412333333.33333,16331333333.333334,5211333333.333333,7473333333.333333,25753000000.0,-4817666666.666667,77594666666.66667,69136000000.0,29964666666.666668,39171333333.333336,11621000000.0,38220000.0,34464000.0,161133333333.33334,30084333333.333332,93368666666.66667,4899762700.0,86456333333.33334,30408666666.666668,39566666666.666664,32124666666.666668,32555333333.333332,,,,,,,,,,,14983000000.0,14062666666.666666,12356000000.0,11837000000.0
1995-01-01,,28423380355.0,,,,,,,9.2,,,,,,,13110545707.0,,,,,,,,,,,,,,,,,,,,,,,,,,,,,,,,,,,,,,,,,,,,,,,,,,,,,,,,,,,,,,,,,,,,
1995-02-01,,29828768349.0,,,,,,,9.2,,,,,,,16758911646.0,,,,,,,,,,,,,,,,,,,,,,,,,,,,,,,,,,,,,,,,,,,,,,,,,,,,,,,,,,,,,,,,,,,,
1995-03-01,,34712986302.0,,,,,,,9.2,,,,,,,16309071375.0,,,,,,,,,,,,,,,,,,,,,,,,,,,,,,,,,108559333333.33333,12935333333.333334,3319333333.3333335,5743000000.0,27228000000.0,-40566000000.0,67993333333.333336,59400666666.666664,26477333333.333332,32923333333.333332,10706333333.333334,37757000.0,33967000.0,152620000000.0,35165666666.666664,78039666666.66667,4982153466.666667,86503000000.0,30302666666.666668,38587000000.0,33593333333.333332,32911666666.666668,,,,,,,,,,,13509333333.333334,14532000000.0,10682000000.0,12407000000.0
1995-04-01,,25374240092.0,,,,,,,9.3,,,,,,,15996205926.0,,,,,,,,,,,,,,,,,,,,,,,,,,,,,,,,,,,,,,,,,,,,,,,,,,,,,,,,,,,,,,,,,,,,
1995-05-01,,28636128907.0,,,,,,,9.3,,,,,,,16651576267.0,,,,,,,,,,,,,,,,,,,,,,,,,,,,,,,,,,,,,,,,,,,,,,,,,,,,,,,,,,,,,,,,,,,,
1995-06-01,,36939764703.0,,,,,,,9.4,,,,,,,16855388059.0,,,,,,,,,,,,,,,,,,,,,,,,,,,,,,,,,74147333333.33333,13094333333.333334,4305000000.0,5902000000.0,26810000000.0,-2235666666.6666665,71911666666.66667,62697666666.666664,28165000000.0,34532666666.666664,11218666666.666666,37900000.0,34112000.0,155640000000.0,34265666666.666668,81654333333.33333,4559866100.0,87737333333.33333,30872000000.0,39322333333.333336,33832000000.0,33425000000.0,,,,,,,,,,,13865000000.0,14625000000.0,11032666666.666666,12419000000.0
1995-07-01,,29385376030.0,,,,,,,9.4,,,,,,,20433541750.0,,,,,,,,,,,,,,,,,,,,,,,,,,,,,,,,,,,,,,,,,,,,,,,,,,,,,,,,,,,,,,,,,,,,
1995-08-01,,29526185814.0,,,,,,,9.5,,,,,,,15339594939.0,,,,,,,,,,,,,,,,,,,,,,,,,,,,,,,,,,,,,,,,,,,,,,,,,,,,,,,,,,,,,,,,,,,,
1995-09-01,,36146699867.0,,,,,,,9.6,,,,,,,17887703442.0,,,,,,,,,,,,,,,,,,,,,,,,,,,,,,,,,81783333333.33333,14063333333.333334,4633666666.666667,6201000000.0,27174333333.333332,-11822000000.0,69961333333.33333,62029333333.333336,28414333333.333332,33615000000.0,11409333333.333334,38165000.0,34360000.0,159786666666.66666,35179000000.0,84687333333.33333,4965553033.333333,88488333333.33333,31490333333.333332,38971000000.0,34084666666.666668,33633666666.666668,,,,,,,,,,,14257666666.666666,15009333333.333334,11387333333.333334,12729000000.0
1995-10-01,,28103158250.0,,,,,,,9.7,,,,,,,18483224122.0,,,,,,,,,,,,,,,,,,,,,,,,,,,,,,,,,,,,,,,,,,,,,,,,,,,,,,,,,,,,,,,,,,,,
1995-11-01,,28213597296.0,,,,,,,9.7,,,,,,,15183804442.0,,,,,,,,,,,,,,,,,,,,,,,,,,,,,,,,,,,,,,,,,,,,,,,,,,,,,,,,,,,,,,,,,,,,
1995-12-01,,56039072926.0,,,,,,,9.9,,,,,,,28731136669.0,,,,,,,,,,,,,,,,,,,,,,,,,,,,,,,,,85352666666.66667,16911000000.0,4770000000.0,7694333333.333333,27563000000.0,-5139666666.666667,80213000000.0,71612666666.66667,31667333333.333332,39945333333.333336,12219000000.0,38361000.0,34557000.0,165263333333.33334,30063666666.666668,96437000000.0,4881887566.666667,89072000000.0,31698333333.333332,38175333333.333336,34620333333.333336,33876666666.666668,,,,,,,,,,,15844666666.666666,14993333333.333334,12952333333.333334,12680666666.666666
1996-01-01,,27711917702.0,,,,,,,10.0,,,,,,,12173225789.0,,,,,,,,,,,,,,,,,,,,,,,,,,,,,,,,,,,,,,,,,,,,,,,,,,,,,,,,,,,,,,,,,,,,
1996-02-01,,29160151956.0,,,,,,,10.2,,,,,,,14308872935.0,,,,,,,,,,,,,,,,,,,,,,,,,,,,,,,,,,,,,,,,,,,,,,,,,,,,,,,,,,,,,,,,,,,,
1996-03-01,,34401456159.0,,,,,,,10.3,,,,,,,16189010507.0,,,,,,,,,,,,,,,,,,,,,,,,,,,,,,,,,75328000000.0,13405000000.0,2870333333.3333335,6061333333.333333,29114000000.0,-5859333333.333333,69468666666.66667,61799000000.0,28009666666.666668,33789333333.333332,11246666666.666668,37779000.0,33936000.0,154596666666.66666,34826666666.666664,79776666666.66667,4899236600.0,89165666666.66667,31634666666.666668,36735000000.0,35021666666.666664,34049000000.0,,,,,,,,,,,14420666666.666666,15316333333.333334,11399000000.0,13067000000.0
1996-04-01,,24971342090.0,,,,,,,10.3,,,,,,,17113045906.0,,,,,,,,,,,,,,,,,,,,,,,,,,,,,,,,,,,,,,,,,,,,,,,,,,,,,,,,,,,,,,,,,,,,
1996-05-01,,26649350915.0,,,,,,,10.3,,,,,,,13352621011.0,,,,,,,,,,,,,,,,,,,,,,,,,,,,,,,,,,,,,,,,,,,,,,,,,,,,,,,,,,,,,,,,,,,,
1996-06-01,,37067127511.0,,,,,,,10.3,,,,,,,15787526505.0,,,,,,,,,,,,,,,,,,,,,,,,,,,,,,,,,77052666666.66667,13416000000.0,4221666666.6666665,6124000000.0,28710666666.666668,-3958000000.0,73094666666.66667,63819000000.0,29373666666.666668,34445333333.333336,11685000000.0,37989000.0,34143000.0,157523333333.33334,35072333333.333336,82315666666.66667,4542798900.0,89755333333.33334,31814333333.333332,38214333333.333336,35129666666.666664,34482000000.0,,,,,,,,,,,14841666666.666666,15252666666.666666,11813333333.333334,12931333333.333334
1996-07-01,,27732062603.0,,,,,,,10.4,,,,,,,15445729432.0,,,,,,,,,,,,,,,,,,,,,,,,,,,,,,,,,,,,,,,,,,,,,,,,,,,,,,,,,,,,,,,,,,,,
1996-08-01,,28722639493.0,,,,,,,10.4,,,,,,,14779533416.0,,,,,,,,,,,,,,,,,,,,,,,,,,,,,,,,,,,,,,,,,,,,,,,,,,,,,,,,,,,,,,,,,,,,
1996-09-01,,35483503167.0,,,,,,,10.5,,,,,,,17009392533.999985,,,,,,,,,,,,,,,,,,,,,,,,,,,,,,,,,78962666666.66667,14156000000.0,4725000000.0,6236333333.333333,28659333333.333332,-7644333333.333333,71318333333.33333,63251666666.666664,29544333333.333332,33707333333.333332,12058000000.0,38199000.0,34332000.0,162536666666.66666,36232666666.666664,85306333333.33333,4948485533.333333,90226666666.66667,32207666666.666668,37488666666.666664,35868666666.666664,34521333333.333336,,,,,,,,,,,14744333333.333334,15580000000.0,11754666666.666666,13167000000.0
1996-10-01,,26777429531.0,,,,,,,10.6,,,,,,,14288074540.000015,,,,,,,,,,,,,,,,,,,,,,,,,,,,,,,,,,,,,,,,,,,,,,,,,,,,,,,,,,,,,,,,,,,,
1996-11-01,,26864195763.0,,,,,,,10.7,,,,,,,13691442174.0,,,,,,,,,,,,,,,,,,,,,,,,,,,,,,,,,,,,,,,,,,,,,,,,,,,,,,,,,,,,,,,,,,,,
1996-12-01,,56372486361.0,,,,,,,10.8,,,,,,,28642573633.0,,,,,,,,,,,,,,,,,,,,,,,,,,,,,,,,,87234000000.0,17026666666.666666,4763333333.333333,7445000000.0,28725666666.666668,-5928000000.0,81306000000.0,72946000000.0,33222333333.333332,39723666666.666664,12843666666.666666,38281000.0,34413000.0,168196666666.66666,33012333333.333332,96548333333.33333,4837085866.666667,90754333333.33333,32177666666.666668,38786666666.666664,37535000000.0,36214666666.666664,,,,,,,,,,,16125333333.333334,15562666666.666666,13195666666.666666,13130000000.0
1997-01-01,,27710025922.0,,,,,,,11.3,,,,,,,11325193872.0,,,,,,,,,,,,,,,,,,,,,,,,,,,,,,,,,,,,,,,,,,,,,,,,,,,,,,,,,,,,,,,,,,,,
1997-02-01,,26013457202.0,,,,,,,11.2,,,,,,,13013742220.0,,,,,,,,,,,,,,,,,,,,,,,,,,,,,,,,,,,,,,,,,,,,,,,,,,,,,,,,,,,,,,,,,,,,
1997-03-01,,33629916711.000004,,,,,,,11.2,,,,,,,15174830081.0,,,,,,,,,,,,,,,,,,,,,,,,,,,,,,,,,77295000000.0,13487333333.333334,3031000000.0,6084666666.666667,29862666666.666668,-6823000000.0,70472000000.0,62981333333.333336,29337000000.0,33644333333.333332,11623000000.0,37662000.0,33759000.0,155533333333.33334,33722333333.333332,80269333333.33333,4767427366.666667,91345333333.33333,32253333333.333332,37571333333.333336,38414666666.666664,37713666666.666664,,,,,,,,,,,15393666666.666666,15570666666.666666,12100333333.333334,13328000000.0
1997-04-01,,24683842665.0,,,,,,,11.2,,,,,,,16641032716.0,,,,,,,,,,,,,,,,,,,,,,,,,,,,,,,,,,,,,,,,,,,,,,,,,,,,,,,,,,,,,,,,,,,,
1997-05-01,,26688362485.0,,,,,,,11.4,,,,,,,13951428908.0,,,,,,,,,,,,,,,,,,,,,,,,,,,,,,,,,,,,,,,,,,,,,,,,,,,,,,,,,,,,,,,,,,,,
1997-06-01,,36783360517.0,,,,,,,11.5,,,,,,,16609713110.0,,,,,,,,,,,,,,,,,,,,,,,,,,,,,,,,,77684000000.0,13555000000.0,4192000000.0,6257666666.666667,29193666666.666668,-3201000000.0,74483000000.0,65426666666.666664,30565000000.0,34861666666.666664,11987333333.333334,37904000.0,33998000.0,162073333333.33334,37032000000.0,82920000000.0,4568238466.666667,91456333333.33334,32266000000.0,38231333333.333336,39632666666.666664,38127000000.0,,,,,,,,,,,15653000000.0,15645666666.666666,12367333333.333334,13306000000.0
1997-07-01,,28424505197.0,,,,,,,11.5,,,,,,,16273894307.0,,,,,,,,,,,,,,,,,,,,,,,,,,,,,,,,,,,,,,,,,,,,,,,,,,,,,,,,,,,,,,,,,,,,
1997-08-01,,26894208597.0,,,,,,,11.6,,,,,,,13667971640.0,,,,,,,,,,,,,,,,,,,,,,,,,,,,,,,,,,,,,,,,,,,,,,,,,,,,,,,,,,,,,,,,,,,,
1997-09-01,,36422286191.0,,,,,,,11.7,,,,,,,15738228983.0,,,,,,,,,,,,,,,,,,,,,,,,,,,,,,,,,79077333333.33333,14145333333.333334,4361666666.666667,6268666666.666667,29204000000.0,-6937666666.666667,72139666666.66667,63919000000.0,30480333333.333332,33438666666.666668,11734333333.333334,38239000.0,34313000.0,166410000000.0,39298666666.666664,85305333333.33333,4923977400.0,92123333333.33333,31990666666.666668,38527666666.666664,41934000000.0,39682666666.666664,,,,,,,,,,,15668333333.333334,16135666666.666666,12366666666.666666,13708333333.333334
1997-10-01,,26558545477.0,,,,,,,11.8,,,,,,,13322553282.0,,,,,,,,,,,,,,,,,,,,,,,,,,,,,,,,,,,,,,,,,,,,,,,,,,,,,,,,,,,,,,,,,,,,
1997-11-01,,26045003911.0,,,,,,,11.7,,,,,,,15126127260.0,,,,,,,,,,,,,,,,,,,,,,,,,,,,,,,,,,,,,,,,,,,,,,,,,,,,,,,,,,,,,,,,,,,,
1997-12-01,,58641753118.0,,,,,,,11.7,,,,,,,32643515030.0,,,,,,,,,,,,,,,,,,,,,,,,,,,,,,,,,85630333333.33334,17087333333.333334,4229333333.3333335,7295666666.666667,29581333333.333332,-2888666666.6666665,82741666666.66667,74807666666.66667,34079666666.666668,40728000000.0,12317666666.666666,38373000.0,34448000.0,171710000000.0,34457666666.666664,96902666666.66667,4840928200.0,92829000000.0,31688000000.0,39500666666.666664,42565666666.666664,40185333333.333336,,,,,,,,,,,17028333333.333334,16128666666.666666,13851666666.666666,13661666666.666666
1998-01-01,,27954781346.0,,,,,,,11.7,,,,,,,14784409817.0,,,,,,,,,,,,,,,,,,,,,,,,,,,,,,,,,,,,,,,,,,,,,,,,,,,,,,,,,,,,,,,,,,,,
1998-02-01,,26056559108.0,,,,,,,11.6,,,,,,,12807263716.0,,,,,,,,,,,,,,,,,,,,,,,,,,,,,,,,,,,,,,,,,,,,,,,,,,,,,,,,,,,,,,,,,,,,
1998-03-01,,34247812949.0,,,,,,,11.5,,,,,,,14937194914.0,,,,,,,,,,,,,,,,,,,,,,,,,,,,,,,,,78731666666.66667,13498333333.333334,3152666666.6666665,6087333333.333333,29960000000.0,-7496666666.666667,71235000000.0,63819000000.0,29457333333.333332,34361666666.666664,11705333333.333334,37869000.0,33913000.0,162756666666.66666,38944000000.0,81057333333.33333,4849737000.0,92826333333.33333,32329000000.0,40490666666.666664,43391000000.0,41327000000.0,,,,,,,,,,,15579666666.666666,16230000000.0,12031666666.666666,13863666666.666666
1998-04-01,,26686572964.0,,,,,,,11.3,,,,,,,12494652430.0,,,,,,,,,,,,,,,,,,,,,,,,,,,,,,,,,,,,,,,,,,,,,,,,,,,,,,,,,,,,,,,,,,,,
1998-05-01,,27851756032.0,,,,,,,11.2,,,,,,,19360688578.0,,,,,,,,,,,,,,,,,,,,,,,,,,,,,,,,,,,,,,,,,,,,,,,,,,,,,,,,,,,,,,,,,,,,
1998-06-01,,38661488984.0,,,,,,,11.0,,,,,,,16775045974.0,,,,,,,,,,,,,,,,,,,,,,,,,,,,,,,,,78155666666.66667,13621333333.333334,4092333333.3333335,6105666666.666667,29856000000.0,-662666666.6666666,77493000000.0,68418666666.666664,30955000000.0,37463666666.666664,12096333333.333334,38280000.0,34323000.0,164880000000.0,35720000000.0,84706000000.0,4524266533.333333,92799666666.66667,32514666666.666668,40386666666.666664,43923333333.333336,41831333333.333336,,,,,,,,,,,16199666666.666666,16292666666.666666,12190666666.666666,13867666666.666666
1998-07-01,,30149450617.0,,,,,,,10.9,,,,,,,16553029823.0,,,,,,,,,,,,,,,,,,,,,,,,,,,,,,,,,,,,,,,,,,,,,,,,,,,,,,,,,,,,,,,,,,,,
1998-08-01,,28403951264.0,,,,,,,10.8,,,,,,,14527516560.0,,,,,,,,,,,,,,,,,,,,,,,,,,,,,,,,,,,,,,,,,,,,,,,,,,,,,,,,,,,,,,,,,,,,
1998-09-01,,39028443167.0,,,,,,,10.7,,,,,,,15963952987.0,,,,,,,,,,,,,,,,,,,,,,,,,,,,,,,,,80708666666.66667,14419666666.666666,4470333333.333333,6414333333.333333,29573000000.0,-7318000000.0,73390666666.66667,65462000000.0,30687000000.0,34775000000.0,11868000000.0,38784000.0,34813000.0,170590000000.0,39618666666.666664,87542666666.66667,4962636366.666667,93772000000.0,32564333333.333332,40554666666.666664,43186333333.333336,41319000000.0,,,,,,,,,,,16542666666.666666,16538666666.666666,12564666666.666666,14066333333.333334
1998-10-01,,28222902809.0,,,,,,,10.6,,,,,,,14691224885.0,,,,,,,,,,,,,,,,,,,,,,,,,,,,,,,,,,,,,,,,,,,,,,,,,,,,,,,,,,,,,,,,,,,,
1998-11-01,,27632002781.0,,,,,,,10.6,,,,,,,17061877191.0,,,,,,,,,,,,,,,,,,,,,,,,,,,,,,,,,,,,,,,,,,,,,,,,,,,,,,,,,,,,,,,,,,,,
1998-12-01,,61369955466.0,,,,,,,10.8,,,,,,,34721872770.0,,,,,,,,,,,,,,,,,,,,,,,,,,,,,,,,,87934666666.66666,17066000000.0,4531333333.333333,7787666666.666667,29769333333.333332,-2383333333.3333335,85551333333.33333,77335333333.33333,34551666666.666664,42783666666.666664,12799333333.333334,39066000.0,35099000.0,175876666666.66666,33965333333.333332,99441000000.0,4951986933.333333,94788000000.0,32494000000.0,40289666666.666664,42101000000.0,40373333333.333336,,,,,,,,,,,17874000000.0,16600333333.333334,13971333333.333334,14053666666.666666
1999-01-01,,30255700000.0,,,,,,,10.7,,,,,,,13859841468.0,,,,,,,,,,,,,,,,,,,,,,,,,,,,,,,,,,,,,,,,,,,,,,,,,,,,,,,,,,,,,,,,,,,,
1999-02-01,,27315500000.0,,,,,,,10.7,,,,,,,13804164596.0,,,,,,,,,,,,,,,,,,,,,,,,,,,,,,,,,,,,,,,,,,,,,,,,,,,,,,,,,,,,,,,,,,,,
1999-03-01,,35097300000.0,,,,,,,10.6,,,,,,,16241835673.0,,,,,,,,,,,,,,,,,,,,,,,,,,,,,,,,,81198666666.66667,14086333333.333334,3632666666.6666665,6886333333.333333,31122666666.666668,-6605666666.666667,74593000000.0,66892666666.666664,29905000000.0,36987666666.666664,12075000000.0,38565000.0,34574000.0,166770000000.0,38035666666.666664,83259666666.66667,4896026466.666667,96108333333.33333,33744333333.333332,40987000000.0,42275000000.0,41675666666.666664,18068333333.333332,18919333333.333332,725333333.3333334,2272000000.0,3339666666.6666665,2455000000.0,5446666666.666667,779000000.0,,,16041000000.0,16650333333.333334,11977000000.0,14261000000.0
1999-04-01,,28794400000.0,,,,,,,10.6,,,,,,,18515216779.0,,,,,,,,,,,,,,,,,,,,,,,,,,,,,,,,,,,,,,,,,,,,,,,,,,,,,,,,,,,,,,,,,,,,
1999-05-01,,29802600000.0,,,,,,,10.5,,,,,,,14973421003.0,,,,,,,,,,,,,,,,,,,,,,,,,,,,,,,,,,,,,,,,,,,,,,,,,,,,,,,,,,,,,,,,,,,,
1999-06-01,,42315500000.0,,,,,,,10.5,,,,,,,18804247272.0,,,,,,,,,,,,,,,,,,,,,,,,,,,,,,,,,80849666666.66667,14323333333.333334,4702666666.666667,7108666666.666667,30529000000.0,177666666.66666666,81027333333.33333,71144333333.33333,31460333333.333332,39684000000.0,12230666666.666666,38794000.0,34807000.0,169490000000.0,36459333333.333336,87394666666.66667,4578666433.333333,96909666666.66667,33888000000.0,39850333333.333336,44467000000.00001,43343000000.0,18202000000.0,21482000000.0,624666666.6666666,2418666666.6666665,2738333333.3333335,1605666666.6666667,5297666666.666667,2703000000.0,,,16950333333.333334,16692333333.333334,12388333333.333334,14221666666.666666
1999-07-01,,32081100000.0,,,,,,,10.5,,,,,,,16803028327.0,,,,,,,,,,,,,,,,,,,,,,,,,,,,,,,,,,,,,,,,,,,,,,,,,,,,,,,,,,,,,,,,,,,,
1999-08-01,,30995300000.0,,,,,,,10.5,,,,,,,14714509173.0,,,,,,,,,,,,,,,,,,,,,,,,,,,,,,,,,,,,,,,,,,,,,,,,,,,,,,,,,,,,,,,,,,,,
1999-09-01,,41366200000.0,,,,,,,10.5,,,,,,,20428338062.0,,,,,,,,,,,,,,,,,,,,,,,,,,,,,,,,,83149000000.0,15200666666.666666,4907000000.0,7447000000.0,30604666666.666668,-5717000000.0,77432000000.0,69149333333.33333,31185333333.333332,37964000000.0,12168333333.333334,39399000.0,35401000.0,175500000000.0,39104333333.333336,90081999999.99998,4972301566.666667,96887333333.33333,34293333333.333332,41665000000.0,45611333333.333336,44926333333.333336,18536333333.333332,19427666666.666668,624000000.0,2484000000.0,3342333333.3333335,1903000000.0,5242000000.0,958666666.6666666,,,17383000000.0,17101333333.333334,12524000000.0,14552666666.666666
1999-10-01,,28650200000.0,,,,,,,10.5,,,,,,,16042910843.0,,,,,,,,,,,,,,,,,,,,,,,,,,,,,,,,,,,,,,,,,,,,,,,,,,,,,,,,,,,,,,,,,,,,
1999-11-01,,29907100000.0,,,,,,,10.4,,,,,,,15588665708.0,,,,,,,,,,,,,,,,,,,,,,,,,,,,,,,,,,,,,,,,,,,,,,,,,,,,,,,,,,,,,,,,,,,,
1999-12-01,,65430700000.0,,,,,,,10.3,,,,,,,40867518353.0,,,,,,,,,,,,,,,,,,,,,,,,,,,,,,,,,90531666666.66667,17787000000.0,5282333333.333333,8861333333.333334,31214000000.0,-778666666.6666666,89753000000.0,80092333333.33333,34895333333.333336,45197000000.00001,13187333333.333334,39743000.0,35752000.0,180653333333.33334,32235333333.333332,101942666666.66667,4988584766.666667,97977333333.33333,33939333333.333332,41231666666.666664,46847333333.333336,45790999999.99999,19717333333.333332,25479666666.666668,957666666.6666666,2978000000.0,3187333333.3333335,2781000000.0,5438333333.333334,1442666666.6666667,,,18820000000.0,17161000000.0,13842666666.666666,14561666666.666666
2000-01-01,,31194900000.0,,,,,,,10.2,,,,,,,13172537987.0,,,,,,,,,,,,,,,,,,,,,,,,,,,,,,,,,,,,,,,,,,,,,,,,,,,,,,,,,,,,,,,,,,,,
2000-02-01,,30402700000.0,,,,,,,10.1,,,,,,,15805820411.0,,,,,,,,,,,,,,,,,,,,,,,,,,,,,,,,,,,,,,,,,,,,,,,,,,,,,,,,,,,,,,,,,,,,
2000-03-01,,35533400000.0,,,,,,,10.1,,,,,,,16297377685.0,,,,,,,,,,,,,,,,,,,,,,,,,,,,,,,,,82759000000.0,14312000000.0,3716333333.3333335,7279000000.0,30969000000.0,-6191000000.0,76568000000.0,68609333333.333336,29916333333.333332,38693000000.0,12338000000.0,39527000.0,35513000.0,173326666666.66666,39565000000.0,87087666666.66666,5004786466.666667,99028666666.66667,34663666666.666664,41621666666.666664,49556333333.333336,48412000000.0,18841000000.0,19852000000.0,738000000.0,2158333333.3333335,3454333333.3333335,3219666666.6666665,5412000000.0,806666666.6666666,,,16869333333.333334,17290333333.333332,11816666666.666666,14806666666.666666
2000-04-01,,28614600000.0,,,,,,,9.6,,,,,,,17242925946.0,,,,,,,,,,,,,,,,,,,,,,,,,,,,,,,,,,,,,,,,,,,,,,,,,,,,,,,,,,,,,,,,,,,,
2000-05-01,,34860200000.0,,,,,,,9.5,,,,,,,18196938203.0,,,,,,,,,,,,,,,,,,,,,,,,,,,,,,,,,,,,,,,,,,,,,,,,,,,,,,,,,,,,,,,,,,,,
2000-06-01,,46332900000.0,,,,,,,9.5,,,,,,,20828303896.0,,,,,,,,,,,,,,,,,,,,,,,,,,,,,,,,,81968333333.33333,14301666666.666666,4710666666.666667,7042666666.666667,30432333333.333332,1739000000.0,83707333333.33333,74162000000.0,31487000000.0,42675000000.0,12599333333.333334,39881000.0,35872000.0,174796666666.66666,35273666666.666664,90786333333.33333,4602060700.0,99949666666.66667,34330000000.0,42313333333.333336,51785000000.0,50654666666.666664,19386000000.0,23289000000.0,693000000.0000001,2375000000.0,3169000000.0,1807333333.3333333,5628000000.0,2401666666.6666665,,,17225333333.333332,17364000000.0,12183333333.333334,14785000000.0
2000-07-01,,32125600000.0,,,,,,,9.5,,,,,,,17816039858.0,,,,,,,,,,,,,,,,,,,,,,,,,,,,,,,,,,,,,,,,,,,,,,,,,,,,,,,,,,,,,,,,,,,,
2000-08-01,,30617000000.0,,,,,,,9.5,,,,,,,16071308855.999985,,,,,,,,0.0,,,1119000000.0,,,,,,,,,,,,,,,3935000000.0,21381000000.0,5381000000.0,2584000000.0,,1285000000.0,,,,,,,,,,,,,,,,,,,,,,,,,,,,,,,,,,,,,
2000-09-01,,43271400000.0,,,,,,,9.4,,,,,,,19830868708.000015,,,,,,,,7137000000.0,,,1112000000.0,,,,,,,,,,,,,,,3480000000.0,13048000000.0,3686000000.0,8174000000.0,,1203000000.0,,83477333333.33333,15175000000.0,4995333333.333333,7201000000.0,30412333333.333332,-4959333333.333333,78518000000.0,69911000000.0,31347000000.0,38564000000.0,12466000000.0,40188000.0,36170000.0,179233333333.33334,37046333333.333336,93684666666.66667,4982032066.666667,100501333333.33333,34346333333.333332,43454666666.666664,53063333333.333336,53336000000.0,18752666666.666668,19811333333.333332,561000000.0,2564333333.3333335,3065666666.6666665,2009333333.3333333,5672999999.999999,1332000000.0,,,17471666666.666668,17693333333.333332,12446000000.0,14998666666.666666
2000-10-01,,30089200000.0,,,,,,,9.4,,,,,,-685000000.0,15627821497.0,19206000000.0,8077000000.0,8266000000.0,484000000.0,445000000.0,7421000000.0,237000000.0,0.0,1460000000.0,,1083000000.0,,83000000.0,156000000.0,696000000.0,6072000000.0,1641000000.0,3419000000.0,,310000000.0,2367000000.0,,,2640000000.0,539000000.0,7671000000.0,20169000000.0,4062000000.0,3211000000.0,4979000000.0,1203000000.0,3776000000.0,,,,,,,,,,,,,,,,,,,,,,,,,,,,,,,,,,,,
2000-11-01,,29600400000.0,,,,,,,9.3,,,,,,-948000000.0,14992122432.0,19854000000.0,7674000000.0,8371000000.0,330000000.0,521000000.0,8012000000.0,413000000.0,0.0,1460000000.0,,1084000000.0,,118000000.0,161000000.0,-207000000.0,7087000000.0,2821000000.0,4191000000.0,,215000000.0,2492000000.0,,,3488000000.0,538000000.0,6375000000.0,21733000000.0,5422000000.0,3912000000.0,5893000000.0,1490000000.0,4402000000.0,,,,,,,,,,,,,,,,,,,,,,,,,,,,,,,,,,,,
2000-12-01,,63472700000.0,,,,,,,9.3,,,,,,5733000000.0,34642289918.0,44292000000.0,32901000000.0,19677000000.0,1001000000.0,611000000.0,6645000000.0,628000000.0,6503000000.0,1314000000.0,,1083000000.0,,67000000.0,27000000.0,3978000000.0,8433000000.0,1877000000.0,4529000000.0,,493000000.0,3135000000.0,,,6617000000.0,539000000.0,3893000000.0,15870000000.0,4108000000.0,5556000000.0,2454000000.0,2389000000.0,66000000.0,92943666666.66667,17885666666.666668,5417666666.666667,8643333333.333334,31230666666.666668,-2758333333.3333335,90185333333.33333,80696666666.66667,34834333333.333336,45862333333.333336,13754333333.333334,40306000.0,36297000.0,182530000000.00003,30876333333.333332,105658000000.0,4926529266.666667,101106000000.0,34648333333.333336,42767666666.666664,56411666666.666664,57183666666.666664,19480666666.666668,26381666666.666668,668666666.6666666,3080666666.6666665,4204333333.3333335,3042333333.3333335,5800333333.333333,1619333333.3333333,,,18822666666.666668,17658000000.0,13787000000.0,14979666666.666666
2001-01-01,,34389500000.0,,,,,,,9.3,,,,,,-208000000.0,15053691369.0,11346000000.0,6584000000.0,3902000000.0,1850000000.0,1167000000.0,3147000000.0,-7000000.0,0.0,862000000.0,,572000000.0,,78000000.0,826000000.0,215000000.0,5221000000.0,578000000.0,3305000000.0,,179000000.0,1407000000.0,,,248000000.0,275000000.0,8501000000.0,15095000000.0,2558000000.0,1939000000.0,3993000000.0,360000000.0,3633000000.0,,,,,,,,,,,,,,,,,,,,,,,,,,,,,,,,,,,,
2001-02-01,,29356900000.0,,,,,,,9.3,,,,,,-518000000.0,15810557060.0,10847000000.0,3686000000.0,4089000000.0,363000000.0,318000000.0,5463000000.0,29000000.0,0.0,837000000.0,,537000000.0,,50000000.0,100000000.0,145000000.0,3614000000.0,893000000.0,1969000000.0,,352000000.0,782000000.0,,,759000000.0,276000000.0,1998000000.0,10540000000.0,2092000000.0,1088000000.0,2284000000.0,240000000.0,2044000000.0,,,,,,,,,,,,,,,,,,,,,,,,,,,,,,,,,,,,
2001-03-01,,33691200000.0,,,,,,,9.3,,,,,,1719000000.0,14955877242.0,11191000000.0,6562000000.0,4040000000.0,1042000000.0,215000000.0,2841000000.0,2000000.0,3334000000.0,845000000.0,,573000000.0,,50000000.0,60000000.0,1014000000.0,3811000000.0,757000000.0,2400000000.0,,93000000.0,870000000.0,,,336000000.0,275000000.0,1313000000.0,10408000000.0,2245000000.0,1203000000.0,1875000000.0,307000000.0,1568000000.0,84780666666.66667,14534000000.0,3614333333.3333335,7286333333.333333,31909000000.0,-7164666666.666667,77616000000.0,69151333333.33333,30521666666.666668,38629666666.666664,12637666666.666666,39604000.0,35575000.0,178943333333.33334,40659000000.0,89254333333.33333,4969668533.333333,102793333333.33333,35025000000.0,42809666666.666664,55914333333.333336,54045000000.0,19250333333.333332,19379333333.333332,867000000.0,2242000000.0,3429666666.6666665,3799333333.3333335,5416333333.333333,1194000000.0,,,17297333333.333332,17804000000.0,11949666666.666666,15211333333.333334
2001-04-01,,28229300000.0,,,,,,,9.3,,,,,,-2457000000.0,18123164328.0,9845000000.0,4481000000.0,4231000000.0,1047000000.0,256000000.0,3117000000.0,206000000.0,0.0,845000000.0,,572000000.0,,3624000000.0,25000000.0,326000000.0,3588000000.0,692000000.0,2011000000.0,,168000000.0,822000000.0,,,1032000000.0,276000000.0,1796000000.0,10654000000.0,2129000000.0,1077000000.0,2788000000.0,346000000.0,2442000000.0,,,,,,,,,,,,,,,,,,,,,,,,,,,,,,,,,,,,
2001-05-01,,31061300000.0,,,,,,,9.2,,,,,,-417000000.0,16211761452.0,9933000000.0,3708000000.0,4448000000.0,592000000.0,250000000.0,4072000000.0,165000000.0,0.0,845000000.0,,572000000.0,,74000000.0,115000000.0,147000000.0,3308000000.0,826000000.0,1824000000.0,,105000000.0,952000000.0,,,1082000000.0,275000000.0,2905000000.0,10813000000.0,2006000000.0,1093000000.0,1922000000.0,463000000.0,1458000000.0,,,,,,,,,,,,,,,,,,,,,,,,,,,,,,,,,,,,
2001-06-01,,43036000000.0,,,,,,,9.3,,,,,,2239000000.0,18257223576.0,15344000000.0,10727000000.0,4490000000.0,1808000000.0,228000000.0,3515000000.0,4000000.0,3163000000.0,845000000.0,,572000000.0,,627000000.0,82000000.0,119000000.0,3653000000.0,699000000.0,2158000000.0,,106000000.0,1048000000.0,,,774000000.0,275000000.0,1684000000.0,10687000000.0,2066000000.0,1191000000.0,1972000000.0,538000000.0,1435000000.0,83754000000.0,14408666666.666666,4599333333.333333,7233666666.666667,31490000000.0,-673999999.9999999,83080000000.0,72541000000.0,32126000000.0,40415000000.0,12984000000.0,39806000.0,35784000.0,179413333333.33334,36782333333.333336,92387000000.0,4574551300.0,102671000000.0,34883333333.333336,43034333333.333336,56207000000.0,54261000000.0,19734666666.666668,20680333333.333332,616333333.3333334,2318666666.6666665,3275333333.3333335,1888000000.0,5623000000.0,3381666666.6666665,,,17817000000.0,17868666666.666668,12421666666.666666,15187000000.0
2001-07-01,,32983900000.0,,,,,,,9.3,,,,,,-634000000.0,22430871169.0,10479000000.0,4764000000.0,4914000000.0,1027000000.0,258000000.0,3743000000.0,148000000.0,0.0,846000000.0,,572000000.0,,57000000.0,176000000.0,5243000000.0,3708000000.0,1025000000.0,1751000000.0,,96000000.0,981000000.0,,,1680000000.0,276000000.0,7988000000.0,11507000000.0,1835000000.0,1248000000.0,2557000000.0,607000000.0,1949000000.0,,,,,,,,,,,,,,,,,,,,,,,,,,,,,,,,,,,,
2001-08-01,,31097000000.0,,,,,,,9.3,,,,,,-454000000.0,18406219181.0,10480000000.0,4496000000.0,4455000000.0,1258000000.0,234000000.0,4024000000.0,221000000.0,0.0,-481000000.0,,572000000.0,,54000000.0,133000000.0,689000000.0,4292000000.0,849000000.0,2829000000.0,,127000000.0,1072000000.0,,,1226000000.0,275000000.0,2012000000.0,10932000000.0,2751000000.0,1321000000.0,2056000000.0,657000000.0,1400000000.0,,,,,,,,,,,,,,,,,,,,,,,,,,,,,,,,,,,,
2001-09-01,,38393900000.0,,,,,,,9.4,,,,,,2467000000.0,16773482252.0,13948000000.0,8707000000.0,4034000000.0,522000000.0,205000000.0,3687000000.0,22000000.0,3119000000.0,680000000.0,,573000000.0,,42000000.0,114000000.0,108000000.0,3249000000.0,774000000.0,1844000000.0,,88000000.0,854000000.0,,,798000000.0,276000000.0,2242000000.0,10470000000.0,2018000000.0,496000000.0,2089000000.0,539000000.0,1550000000.0,85493000000.0,15097333333.333334,4843666666.666667,7542000000.0,31698000000.0,-7796000000.0,77697000000.0,68734666666.66667,31659666666.666668,37075000000.0,12929000000.0,39957000.0,35924000.0,184513333333.33334,40665666666.666664,94546000000.0,4941897233.333333,103376333333.33333,34991666666.666664,41903333333.333336,55982333333.333336,52963333333.333336,19084666666.666668,17990333333.333332,573333333.3333334,2396000000.0,2892333333.3333335,2638000000.0,5534000000.0,1354333333.3333333,,,17842333333.333332,18358000000.0,12498333333.333334,15569666666.666666
2001-10-01,,29051100000.0,,,,,,,9.5,,,,,,-356000000.0,15099922193.0,8775000000.0,3335000000.0,4015000000.0,301000000.0,239000000.0,3709000000.0,59000000.0,0.0,720000000.0,,572000000.0,,50000000.0,63000000.0,560000000.0,3969000000.0,972000000.0,2287000000.0,,134000000.0,1061000000.0,,,1503000000.0,275000000.0,2711000000.0,11201000000.0,2186000000.0,2721000000.0,2522000000.0,726000000.0,1796000000.0,,,,,,,,,,,,,,,,,,,,,,,,,,,,,,,,,,,,
2001-11-01,,28188600000.0,,,,,,,9.6,,,,,,-461000000.0,14409580321.0,9418000000.0,3362000000.0,4090000000.0,260000000.0,274000000.0,4030000000.0,280000000.0,0.0,679000000.0,,572000000.0,,54000000.0,65000000.0,-8000000.0,4852000000.0,1587000000.0,3150000000.0,,105000000.0,1086000000.0,,,1559000000.0,275000000.0,2540000000.0,11868000000.0,3081000000.0,2155000000.0,2407000000.0,782000000.0,1626000000.0,,,,,,,,,,,,,,,,,,,,,,,,,,,,,,,,,,,,
2001-12-01,,57879400000.0,,,,,,,9.6,,,,,,2808000000.0,34673543028.0,20498000000.0,13862000000.0,9665000000.0,372000000.0,299000000.0,4472000000.0,384000000.0,3137000000.0,508000000.0,,572000000.0,,38000000.0,249000000.0,3002000000.0,4491000000.0,981000000.0,2430000000.0,,233000000.0,1409000000.0,,,2872000000.0,276000000.0,1937000000.0,8184000000.0,1840000000.0,2971000000.0,808000000.0,1340000000.0,-533000000.0,94715333333.33333,18119000000.0,5329333333.333333,9473333333.333334,32549000000.0,-7232666666.666667,87482666666.66666,77817666666.66667,35231000000.0,42586666666.666664,14250666666.666666,40094000.0,36066000.0,188973333333.33334,34331333333.333332,106809333333.33333,4879679133.333333,104386666666.66667,35984000000.0,39255666666.666664,56531666666.666664,51659666666.666664,19736333333.333332,22850333333.333332,662000000.0,2993000000.0,3586333333.3333335,3023666666.6666665,5493666666.666667,1496666666.6666667,,,19158000000.0,18321000000.0,13791333333.333334,15540333333.333334
2002-01-01,,33140400000.0,,,,,,,9.6,,,,,,-230000000.0,14331494222.0,11177000000.0,5665000000.0,3472000000.0,1442000000.0,1163000000.0,4137000000.0,-11000000.0,0.0,823000000.0,,546000000.0,,72000000.0,107000000.0,486000000.0,4307000000.0,661000000.0,2543000000.0,,105000000.0,1001000000.0,,,455000000.0,205000000.0,9653000000.0,16141000000.0,2058000000.0,1595000000.0,3346000000.0,322000000.0,3024000000.0,,,,,,,,,,,,,,,,,,,,,,,,,,,,,,,,,,,,
2002-02-01,,28527100000.0,,,,,,,9.6,,,,,,-570000000.0,14485860828.0,8394000000.0,2621000000.0,2919000000.0,378000000.0,337000000.0,4286000000.0,49000000.0,0.0,780000000.0,,198000000.0,,48000000.0,103000000.0,884000000.0,3784000000.0,1020000000.0,2243000000.0,,354000000.0,423000000.0,,,574000000.0,205000000.0,2574000000.0,10914000000.0,2558000000.0,916000000.0,2063000000.0,246000000.0,1817000000.0,,,,,,,,,,,,,,,,,,,,,,,,,,,,,,,,,,,,
2002-03-01,,30101400000.0,,,,,,,9.6,,,,,,-749000000.0,13423971454.0,10613000000.0,6063000000.0,5149000000.0,497000000.0,223000000.0,3035000000.0,3000000.0,3897000000.0,794000000.0,,543000000.0,,46000000.0,46000000.0,355000000.0,3740000000.0,713000000.0,2280000000.0,,81000000.0,471000000.0,,,925000000.0,205000000.0,1415000000.0,11086000000.0,2203000000.0,1263000000.0,1759000000.0,282000000.0,1477000000.0,87108333333.33333,14840666666.666666,3881666666.6666665,7468000000.0,32959333333.333332,-10646000000.0,76462333333.33333,68224666666.666664,30914333333.333332,37310333333.333336,12952333333.333334,39511000.0,35459000.0,179059999999.99997,38830333333.333336,90141000000.0,4871923266.666667,104026666666.66667,35851000000.0,37372666666.666664,56123333333.333336,49484333333.333336,19350000000.0,17960333333.333332,638000000.0,2240666666.6666665,3368333333.3333335,4041000000.0,5434666666.666666,1124000000.0,,,17677666666.666668,18483333333.333332,12016666666.666666,15757000000.0
2002-04-01,,27724700000.0,,,,,,,9.5,,,,,,-380000000.0,17553595265.0,8536000000.0,3733000000.0,4236000000.0,275000000.0,213000000.0,3015000000.0,153000000.0,0.0,793000000.0,,543000000.0,,3546000000.0,75000000.0,225000000.0,3835000000.0,750000000.0,2121000000.0,,133000000.0,468000000.0,,,1247000000.0,205000000.0,1726000000.0,11398000000.0,2080000000.0,1234000000.0,2496000000.0,399000000.0,2097000000.0,,,,,,,,,,,,,,,,,,,,,,,,,,,,,,,,,,,,
2002-05-01,,31562600000.0,,,,,,,9.7,,,,,,-383000000.0,17247971349.0,10105000000.0,4052000000.0,4390000000.0,645000000.0,220000000.0,4113000000.0,271000000.0,0.0,794000000.0,,544000000.0,,48000000.0,54000000.0,434000000.0,3607000000.0,909000000.0,2013000000.0,,94000000.0,562000000.0,,,1352000000.0,205000000.0,2342000000.0,11496000000.0,2089000000.0,1243000000.0,2158000000.0,459000000.0,1699000000.0,,,,,,,,,,,,,,,,,,,,,,,,,,,,,,,,,,,,
2002-06-01,,38380600000.0,,,,,,,9.8,,,,,,2179000000.0,16005262418.0,13431000000.0,8578000000.0,4540000000.0,1205000000.0,189000000.0,3503000000.0,2000000.0,3888000000.0,794000000.0,,543000000.0,,51000000.0,63000000.0,648000000.0,3510000000.0,833000000.0,2145000000.0,,127000000.0,593000000.0,,,1432000000.0,205000000.0,1703000000.0,11141000000.0,2169000000.0,1205000000.0,2483000000.0,524000000.0,1958000000.0,86201666666.66667,14738666666.666666,4820333333.333333,7575333333.333333,32596333333.333332,-4421333333.333333,81780333333.33333,71189333333.33333,32534666666.666668,38654666666.666664,13525666666.666666,39669000.0,35616000.0,182030000000.00003,37653666666.666664,92989666666.66667,4557664700.0,103481666666.66667,35911333333.333336,38040333333.333336,57772333333.333336,50676666666.666664,19401000000.0,19253666666.666668,585666666.6666666,2200333333.3333335,3373333333.3333335,1936000000.0,5521333333.333333,3219666666.6666665,,,18207000000.0,18520000000.0,12468000000.0,15670666666.666666
2002-07-01,,32976100000.0,,,,,,,9.8,,,,,,-555000000.0,18336439367.0,12819000000.0,5399000000.0,5007000000.0,1001000000.0,226000000.0,5543000000.0,171000000.0,0.0,1807000000.0,,1018000000.0,,58000000.0,205000000.0,749000000.0,4684000000.0,1252000000.0,2747000000.0,,84000000.0,635000000.0,,,1468000000.0,205000000.0,8774000000.0,12146000000.0,2439000000.0,1597000000.0,2602000000.0,671000000.0,1932000000.0,,,,,,,,,,,,,,,,,,,,,,,,,,,,,,,,,,,,
2002-08-01,,31153800000.0,,,,,,,9.8,,,,,,-543000000.0,18625679524.0,10431000000.0,4078000000.0,4521000000.0,442000000.0,221000000.0,4471000000.0,260000000.0,0.0,498000000.0,,562000000.0,,52000000.0,30000000.0,125000000.0,3723000000.0,835000000.0,2178000000.0,,80000000.0,639000000.0,,,1429000000.0,205000000.0,1789000000.0,11506000000.0,2170000000.0,1195000000.0,1841000000.0,649000000.0,1192000000.0,,,,,,,,,,,,,,,,,,,,,,,,,,,,,,,,,,,,
2002-09-01,,38098800000.0,,,,,,,9.9,,,,,,2508000000.0,19961566669.0,13800000000.0,8274000000.0,4051000000.0,220000000.0,169000000.0,3996000000.0,2000000.0,3825000000.0,879000000.0,,562000000.0,,45000000.0,-5000000.0,5068000000.0,3489000000.0,752000000.0,2151000000.0,,135000000.0,696000000.0,,,1386000000.0,205000000.0,1696000000.0,11283000000.0,2161000000.0,1136000000.0,2193000000.0,543000000.0,1650000000.0,87870333333.33333,15361666666.666666,5151666666.666667,7987666666.666667,33157000000.0,-8783000000.0,79087333333.33333,69952000000.0,32330666666.666668,37621333333.333336,13372666666.666666,39764000.0,35692000.0,189043333333.33334,42242000000.0,95605333333.33333,4911605133.333333,104629333333.33333,36140333333.333336,37691000000.0,58547333333.333336,50183333333.333336,19874666666.666668,17746666666.666668,692333333.3333334,2317333333.3333335,2891000000.0,2208000000.0,5501666666.666666,1240666666.6666667,,,18347666666.666668,19035000000.0,12646000000.0,16092000000.0
2002-10-01,,31276400000.0,,,,,,,10.0,,,,,,-441000000.0,16790442962.0,10104000000.0,4367000000.0,4040000000.0,450000000.0,217000000.0,3949000000.0,169000000.0,0.0,878000000.0,,562000000.0,,48000000.0,22000000.0,210000000.0,3733000000.0,917000000.0,2089000000.0,,138000000.0,745000000.0,,,1570000000.0,205000000.0,2055000000.0,11558000000.0,1984000000.0,1389000000.0,2775000000.0,657000000.0,2118000000.0,,,,,,,,,,,,,,,,,,,,,,,,,,,,,,,,,,,,
2002-11-01,,28421200000.0,,,,,,,10.1,,,,,,-514000000.0,14975393638.0,9679000000.0,3319000000.0,4028000000.0,93000000.0,247000000.0,4412000000.0,275000000.0,0.0,879000000.0,,562000000.0,,51000000.0,272000000.0,-63000000.0,4566000000.0,1442000000.0,2762000000.0,,100000000.0,645000000.0,,,1738000000.0,205000000.0,1464000000.0,12523000000.0,2885000000.0,1429000000.0,3048000000.0,685000000.0,2362000000.0,,,,,,,,,,,,,,,,,,,,,,,,,,,,,,,,,,,,
2002-12-01,,62645200000.0,,,,,,,10.2,,,,,,2883000000.0,34886561436.0,22303000000.0,15406000000.0,9823000000.0,364000000.0,305000000.0,23623000000.0,410000000.0,3966000000.0,799000000.0,,562000000.0,,128000000.0,183000000.0,521000000.0,5324000000.0,872000000.0,3119000000.0,,200000000.0,1002000000.0,,,3356000000.0,207000000.0,1872000000.0,12322000000.0,2190000000.0,2856000000.0,-2691000000.0,1309000000.0,-3999000000.0,96365666666.66667,18375666666.666668,5246333333.333333,9786333333.333334,33951333333.333332,-6433000000.0,89932666666.66667,79622000000.0,35656000000.0,43966000000.0,14586333333.333334,39753000.0,35680000.0,190986666666.66666,34125000000.0,107078666666.66667,4812589533.333333,105290666666.66667,36886333333.333336,36710000000.0,59748666666.666664,51530333333.333336,19839000000.0,24127000000.0,846666666.6666666,2803000000.0000005,3118000000.0,3041333333.3333335,5587333333.333333,1316333333.3333333,,,19464000000.0,19183000000.0,13803000000.0,16147000000.0
2003-01-01,,29860700000.0,,,,,,,10.4,,,,,,-321000000.0,12206306572.0,9991000000.0,5047000000.0,3527000000.0,903000000.0,1000000.0,4944000000.0,0.0,0.0,1466000000.0,,571000000.0,,74000000.0,-6000000.0,300000000.0,4929000000.0,660000000.0,3136000000.0,,74000000.0,797000000.0,,,284000000.0,189000000.0,9962000000.0,16680000000.0,2754000000.0,1525000000.0,3262000000.0,306000000.0,2956000000.0,,,,,,,,,,,,,,,,,,,,,,,,,,,,,,,,,,,,
2003-02-01,,29245100000.0,,,,,,,10.5,,,,,,-742000000.0,15097585032.0,10216000000.0,3707000000.0,4141000000.0,168000000.0,1376000000.0,6407000000.0,103000000.0,0.0,1106000000.0,,570000000.0,,49000000.0,53000000.0,116000000.0,3636000000.0,1052000000.0,2047000000.0,,299000000.0,513000000.0,,,606000000.0,189000000.0,2389000000.0,11439000000.0,2100000000.0,1166000000.0,2727000000.0,252000000.0,2476000000.0,,,,,,,,,,,,,,,,,,,,,,,,,,,,,,,,,,,,
2003-03-01,,30015700000.0,,,,,,,10.5,,,,,,-1253000000.0,13550862607.0,9869000000.0,4830000000.0,3963000000.0,362000000.0,238000000.0,5031000000.0,6000000.0,4024000000.0,782000000.0,,571000000.0,,43000000.0,241000000.0,548000000.0,3581000000.0,813000000.0,2235000000.0,,71000000.0,1319000000.0,,,705000000.0,189000000.0,870000000.0,11333000000.0,2221000000.0,1148000000.0,2773000000.0,294000000.0,2477000000.0,89077999999.99998,15011000000.0,3522000000.0,7373666666.666667,34188333333.333332,-10149000000.0,78929000000.0,70093333333.33333,31900666666.666668,38192666666.666664,13394333333.333334,39029000.0,34923000.0,181153333333.33334,39246333333.333336,90759666666.66667,4812637766.666667,106451666666.66667,36193666666.666664,37379333333.333336,57843666666.666664,52492333333.333336,19870666666.666668,18322000000.0,713666666.6666666,2095666666.6666667,3448333333.3333335,4661333333.333333,5471000000.0,1098000000.0,,,18458000000.0,19085000000.0,12429666666.666666,16294333333.333334
2003-04-01,,28509400000.0,,,,,,,10.6,,,,,,-585000000.0,18740490129.0,8931000000.0,3733000000.0,4420000000.0,210000000.0,223000000.0,5011000000.0,188000000.0,0.0,1118000000.0,,570000000.0,,3549000000.0,112000000.0,830000000.0,3873000000.0,754000000.0,2202000000.0,,134000000.0,400000000.0,,,1314000000.0,189000000.0,1434000000.0,11745000000.0,2117000000.0,1272000000.0,2968000000.0,373000000.0,2596000000.0,,,,,,,,,,,,,,,,,,,,,,,,,,,,,,,,,,,,
2003-05-01,,32408200000.0,,,,,,,10.6,,,,,,-528000000.0,17845063150.0,10712000000.0,4582000000.0,4504000000.0,594000000.0,182000000.0,5793000000.0,338000000.0,0.0,1118000000.0,,571000000.0,,46000000.0,82000000.0,66000000.0,3513000000.0,976000000.0,1925000000.0,,60000000.0,1328000000.0,,,1280000000.0,0.0,1820000000.0,12238000000.0,2120000000.0,1165000000.0,2679000000.0,495000000.0,2184000000.0,,,,,,,,,,,,,,,,,,,,,,,,,,,,,,,,,,,,
2003-06-01,,40432200000.0,,,,,,,10.6,,,,,,2217000000.0,17142488467.0,14526000000.0,9126000000.0,4533000000.0,890000000.0,171000000.0,5394000000.0,6000000.0,3696000000.0,1118000000.0,,570000000.0,,44000000.0,71000000.0,70000000.0,3510000000.0,1110000000.0,2163000000.0,,108000000.0,619000000.0,,,1244000000.0,378000000.0,1510000000.0,11965000000.0,2165000000.0,1107000000.0,2810000000.0,553000000.0,2257000000.0,87929333333.33333,14832333333.333334,4882333333.333333,7643666666.666667,33752000000.0,-4699000000.0,83230333333.33333,73331666666.66667,33236000000.0,40095666666.666664,13711000000.0,39101000.0,34984000.0,182653333333.33334,36158666666.666664,93514666666.66667,4446556933.333333,106427333333.33333,36147333333.333336,36921666666.666664,57412333333.333336,51140333333.333336,20180000000.0,19915666666.666668,689999999.9999999,2217333333.3333335,3535666666.6666665,1937000000.0,5485999999.999999,2195333333.3333335,,,18814000000.0,19132000000.0,12783000000.0,16254333333.333334
2003-07-01,,33361900000.0,,,,,,,10.6,,,,,,-694000000.0,18747293763.0,10560000000.0,4778000000.0,5075000000.0,532000000.0,221000000.0,5547000000.0,235000000.0,0.0,1118000000.0,,571000000.0,,63000000.0,221000000.0,927000000.0,4635000000.0,969000000.0,2825000000.0,,74000000.0,649000000.0,,,1472000000.0,189000000.0,9201000000.0,12729000000.0,2627000000.0,1759000000.0,2321000000.0,636000000.0,1684000000.0,,,,,,,,,,,,,,,,,,,,,,,,,,,,,,,,,,,,
2003-08-01,,29602700000.0,,,,,,,10.5,,,,,,-502000000.0,15799482677.0,10017000000.0,3844000000.0,4462000000.0,287000000.0,191000000.0,5733000000.0,440000000.0,0.0,1117000000.0,,570000000.0,,52000000.0,117000000.0,141000000.0,3775000000.0,763000000.0,2057000000.0,,63000000.0,1366000000.0,,,1507000000.0,189000000.0,3290000000.0,12175000000.0,2110000000.0,1245000000.0,2475000000.0,582000000.0,1894000000.0,,,,,,,,,,,,,,,,,,,,,,,,,,,,,,,,,,,,
2003-09-01,,39172700000.0,,,,,,,10.5,,,,,,2463000000.0,17478512846.0,13882000000.0,8488000000.0,4133000000.0,211000000.0,140000000.0,5390000000.0,3000000.0,3829000000.0,1118000000.0,,571000000.0,,44000000.0,105000000.0,974000000.0,3301000000.0,772000000.0,1917000000.0,,93000000.0,566000000.0,,,1467000000.0,189000000.0,2040000000.0,11977000000.0,1770000000.0,630000000.0,-1441000000.0,533000000.0,-1974000000.0,89639333333.33333,15923000000.0,5144666666.666667,7982333333.333333,33924666666.666668,-10263000000.0,79376333333.33333,70171000000.0,33001333333.333332,37169666666.666664,13745000000.0,39361000.0,35213000.0,190493333333.33334,42906666666.666664,96227333333.33333,4844377066.666667,107391666666.66667,37047666666.666664,36001000000.0,58891666666.666664,51057666666.666664,19586333333.333332,17583333333.333332,733000000.0,2174000000.0,3535666666.6666665,1922666666.6666667,5379000000.0,1060000000.0,,,19080333333.333332,19418666666.666668,13028333333.333334,16469666666.666666
2003-10-01,,29964800000.0,,,,,,,10.5,,,,,,-465000000.0,16680241310.0,9198000000.0,3695000000.0,4133000000.0,151000000.0,174000000.0,5396000000.0,108000000.0,0.0,-65000000.0,,570000000.0,,46000000.0,60000000.0,101000000.0,3710000000.0,912000000.0,2228000000.0,,112000000.0,629000000.0,,,1470000000.0,189000000.0,1630000000.0,11621000000.0,2444000000.0,1751000000.0,6034000000.0,775000000.0,5259000000.0,,,,,,,,,,,,,,,,,,,,,,,,,,,,,,,,,,,,
2003-11-01,,29724500000.0,,,,,,,10.5,,,,,,-489000000.0,20172036134.0,10875000000.0,3760000000.0,4092000000.0,52000000.0,201000000.0,6766000000.0,348000000.0,0.0,1697000000.0,,571000000.0,,53000000.0,46000000.0,4578000000.0,4443000000.0,1139000000.0,2789000000.0,,83000000.0,1345000000.0,,,919000000.0,189000000.0,1356000000.0,11454000000.0,2900000000.0,1448000000.0,3334000000.0,657000000.0,2676000000.0,,,,,,,,,,,,,,,,,,,,,,,,,,,,,,,,,,,,
2003-12-01,,62548300000.0,,,,,,,10.5,,,,,,2835000000.0,34068075539.0,21402000000.0,14876000000.0,9556000000.0,137000000.0,240000000.0,5995000000.0,531000000.0,3671000000.0,1147000000.0,,570000000.0,,118000000.0,107000000.0,826000000.0,5097000000.0,1016000000.0,2860000000.0,,176000000.0,1168000000.0,,,3937000000.0,189000000.0,1373000000.0,13948000000.0,1907000000.0,2976000000.0,-4210000000.0,1240000000.0,-5449000000.0,95720333333.33333,18171000000.0,5262333333.333333,9430666666.666666,34464333333.333336,-3493000000.0,92227333333.33333,79961666666.66667,35827333333.333336,44134333333.33333,14931333333.333334,39494000.0,35328000.0,192636666666.66666,34807000000.0,107272000000.0,4774618166.666667,107683666666.66667,36800666666.666664,36437333333.333336,60232000000.0,52488333333.333336,20689000000.0,23445333333.333332,3141666666.6666665,2419666666.6666665,3122666666.6666665,2697333333.3333335,5355666666.666667,1139666666.6666667,,,19932000000.0,19423000000.0,13924000000.0,16454333333.333334
2004-01-01,,30628900000.0,257300000000.0,227730000000.0,197677000000.0,-270000000.0,-29300000000.0,,10.3,,,,,,-255000000.0,11105043102.0,11011000000.0,5138000000.0,3360000000.0,1020000000.0,942000000.0,5882000000.0,-8000000.0,0.0,1876000000.0,631000000.0,567000000.0,,72000000.0,164000000.0,184000000.0,4982000000.0,658000000.0,3078000000.0,,111000000.0,85000000.0,,,609000000.0,10681000000.0,10450000000.0,17093000000.0,2798000000.0,1410000000.0,4019000000.0,407000000.0,3612000000.0,,,,,,,,,,,,,,,,,,,,,,,,,,,,,,,,,,,,
2004-02-01,,30218500000.0,257300000000.0,227730000000.0,197677000000.0,-270000000.0,-29300000000.0,,10.3,,,,,,-660000000.0,15510639965.0,10251000000.0,3610000000.0,4048000000.0,647000000.0,294000000.0,6587000000.0,53000000.0,0.0,1391000000.0,298000000.0,568000000.0,,47000000.0,62000000.0,110000000.0,3516000000.0,922000000.0,2043000000.0,,50000000.0,333000000.0,,,489000000.0,3368000000.0,3128000000.0,12392000000.0,2212000000.0,1087000000.0,1267000000.0,318000000.0,949000000.0,,,,,,,,,,,,,,,,,,,,,,,,,,,,,,,,,,,,
2004-03-01,,27954300000.0,257300000000.0,227730000000.0,197677000000.0,-270000000.0,-29300000000.0,,10.4,,,,,,-1415000000.0,12577002843.0,9359000000.0,4380000000.0,3772000000.0,104000000.0,181000000.0,4979000000.0,0.0,3875000000.0,1005000000.0,213000000.0,567000000.0,,292000000.0,67000000.0,802000000.0,3316000000.0,852000000.0,1891000000.0,,86000000.0,134000000.0,,,755000000.0,1306000000.0,1073000000.0,14790000000.0,1963000000.0,1036000000.0,-782000000.0,308000000.0,-1090000000.0,90000333333.33333,15138666666.666666,3234666666.6666665,7681333333.333333,34915666666.666664,-10533000000.0,79467333333.33333,70634000000.0,32025666666.666668,38608333333.333336,13255333333.333334,38987000.0,34771000.0,186120000000.0,44836333333.33333,91677333333.33333,4823351700.0,107998000000.0,36292666666.666664,35345000000.0,62443000000.0,53008333333.333336,20270666666.666668,18337666666.666668,896666666.6666666,2135333333.3333333,3653666666.6666665,4777666666.666667,5318000000.0,1037666666.6666666,116257500000.0,111167700000.0,18477000000.0,19450000000.0,12429666666.666666,16619333333.333334
2004-04-01,,30960500000.0,257300000000.0,227730000000.0,197677000000.0,-270000000.0,-29300000000.0,,10.4,,,,,,-539000000.0,16982656430.0,10188000000.0,4553000000.0,4130000000.0,504000000.0,185000000.0,5500000000.0,135000000.0,0.0,653000000.0,137000000.0,568000000.0,,47000000.0,31000000.0,900000000.0,3426000000.0,896000000.0,1735000000.0,,55000000.0,131000000.0,,,495000000.0,1539000000.0,1298000000.0,7838000000.0,1943000000.0,987000000.0,5275000000.0,292000000.0,4983000000.0,,,,,,,,,,,,,,,,,,,,,,,,,,,,,,,,,,,,
2004-05-01,,31565500000.0,257300000000.0,227730000000.0,197677000000.0,-270000000.0,-29300000000.0,,10.5,,,,,,-520000000.0,16535670797.0,10862000000.0,4478000000.0,4185000000.0,624000000.0,166000000.0,6169000000.0,216000000.0,0.0,1246000000.0,268000000.0,567000000.0,,47000000.0,50000000.0,149000000.0,3694000000.0,798000000.0,2163000000.0,,55000000.0,73000000.0,,,637000000.0,1897000000.0,1662000000.0,12229000000.0,2317000000.0,1092000000.0,3142000000.0,421000000.0,2721000000.0,,,,,,,,,,,,,,,,,,,,,,,,,,,,,,,,,,,,
2004-06-01,,41193400000.0,257300000000.0,227730000000.0,197677000000.0,-270000000.0,-29300000000.0,,10.5,,,,,,2224000000.0,17547703449.0,14783000000.0,9268000000.0,4246000000.0,721000000.0,133000000.0,5512000000.0,1000000.0,3628000000.0,1248000000.0,267000000.0,568000000.0,,50000000.0,1000000.0,68000000.0,4066000000.0,848000000.0,2487000000.0,,63000000.0,159000000.0,,,760000000.0,1395000000.0,1128000000.0,11804000000.0,2105000000.0,1558000000.0,2527000000.0,527000000.0,2000000000.0,87129000000.0,15148666666.666666,4301666666.666667,7694666666.666667,34071666666.666668,-4902666666.666667,82226333333.33333,73278666666.66667,33327666666.666668,39951000000.0,13547666666.666666,39325000.0,35084000.0,188856666666.66666,44602000000.00001,94508666666.66667,4454403000.0,108489333333.33333,36362000000.0,35420000000.0,65521000000.0,54589666666.666664,19440000000.0,20511000000.0,793666666.6666666,2156333333.3333335,3138666666.6666665,1814000000.0,5316000000.0,1109666666.6666667,232268200000.0,224556000000.0,18888333333.333332,19264666666.666668,12815333333.333334,16479000000.0
2004-07-01,,30246300000.0,257300000000.0,227730000000.0,197677000000.0,-270000000.0,-29300000000.0,,10.6,,,,,,-608000000.0,16509500669.0,9978000000.0,4366000000.0,4492000000.0,470000000.0,186000000.0,5488000000.0,126000000.0,0.0,1249000000.0,267000000.0,567000000.0,,139000000.0,304000000.0,990000000.0,4693000000.0,1109000000.0,2963000000.0,,59000000.0,96000000.0,,,824000000.0,10371000000.0,10093000000.0,12610000000.0,3117000000.0,1264000000.0,2164000000.0,585000000.0,1579000000.0,,,,,,,,,,,,,,,,,,,,,,,,,,,,,,,,,,,,
2004-08-01,,29796700000.0,257300000000.0,227730000000.0,197677000000.0,-270000000.0,-29300000000.0,,10.6,,,,,,-474000000.0,15677693012.0,10130000000.0,3827000000.0,4270000000.0,340000000.0,184000000.0,6069000000.0,231000000.0,0.0,1248000000.0,267000000.0,568000000.0,,51000000.0,70000000.0,129000000.0,2920000000.0,771000000.0,1443000000.0,,70000000.0,115000000.0,,,849000000.0,2566000000.0,2321000000.0,11898000000.0,1372000000.0,1413000000.0,1653000000.0,630000000.0,1023000000.0,,,,,,,,,,,,,,,,,,,,,,,,,,,,,,,,,,,,
2004-09-01,,38994500000.0,255600000000.0,211630000000.0,184677000000.0,-270000000.0,-43700000000.0,,10.7,,,,,,2420000000.0,20490068961.0,14231000000.0,8462000000.0,3734000000.0,139000000.0,132000000.0,5770000000.0,1000000.0,3898000000.0,1288000000.0,267000000.0,567000000.0,,42000000.0,39000000.0,4677000000.0,3437000000.0,671000000.0,2041000000.0,,60000000.0,131000000.0,,,827000000.0,1604000000.0,1363000000.0,11627000000.0,2157000000.0,1170000000.0,1309000000.0,536000000.0,773000000.0,88142333333.33334,15561666666.666666,4563666666.666667,7989333333.333333,33854666666.666668,-8826333333.333334,79316000000.0,70090666666.66667,32702666666.666668,37388000000.0,13677666666.666666,39534000.0,35252000.0,193076666666.66666,47965666666.666664,96236000000.0,4821969333.333333,108512000000.0,36692000000.0,37117666666.666664,64598000000.0,56098666666.666664,19641666666.666668,17746333333.333332,771333333.3333334,2120333333.3333333,3436666666.6666665,1680000000.0,5321666666.666667,1037333333.3333334,348202000000.0,339456000000.0,18922000000.0,19369000000.0,12888000000.0,16573000000.0
2004-10-01,,28101800000.0,255600000000.0,211830000000.0,186606000000.0,-270000000.0,-43500000000.0,,10.7,,,,,,-430000000.0,15067467057.0,9161000000.0,3405000000.0,3759000000.0,203000000.0,158000000.0,5613000000.0,142000000.0,0.0,875000000.0,219000000.0,568000000.0,,50000000.0,87000000.0,307000000.0,3632000000.0,874000000.0,2236000000.0,,64000000.0,136000000.0,,,968000000.0,1971000000.0,1735000000.0,11637000000.0,2200000000.0,1256000000.0,2006000000.0,652000000.0,1353000000.0,,,,,,,,,,,,,,,,,,,,,,,,,,,,,,,,,,,,
2004-11-01,,29511300000.0,255600000000.0,211830000000.0,186606000000.0,-270000000.0,-43500000000.0,,10.8,,,,,,-368000000.0,18843825905.0,10018000000.0,3498000000.0,3763000000.0,90000000.0,181000000.0,6298000000.0,222000000.0,0.0,874000000.0,169000000.0,567000000.0,,49000000.0,-6000000.0,2979000000.0,4388000000.0,1477000000.0,2732000000.0,,99000000.0,132000000.0,,,1245000000.0,1267000000.0,1024000000.0,12787000000.0,2870000000.0,1486000000.0,2644000000.0,750000000.0,1894000000.0,,,,,,,,,,,,,,,,,,,,,,,,,,,,,,,,,,,,
2004-12-01,,60344900000.0,255600000000.0,211830000000.0,186606000000.0,0.0,-43500000000.0,,10.9,,,,,,2923000000.0,34987264400.0,21028000000.0,14500000000.0,8922000000.0,101000000.0,238000000.0,6186000000.0,342000000.0,3756000000.0,643000000.0,-18000000.0,568000000.0,,127000000.0,82000000.0,2293000000.0,5065000000.0,1119000000.0,2903000000.0,,137000000.0,287000000.0,,,1665000000.0,1244000000.0,999000000.0,12245000000.0,1704000000.0,3119000000.0,-2846000000.0,1465000000.0,-4310000000.0,93755000000.0,18011000000.0,4673000000.0,9611333333.333334,34197333333.333332,-1886333333.3333333,91868666666.66667,79196666666.66667,35811333333.333336,43385333333.333336,14226333333.333334,39635000.0,35331000.0,196293333333.33334,41343333333.333336,107186333333.33333,4832662666.666667,109435333333.33333,36262000000.0,36703333333.333336,64998000000.0,56505666666.666664,20592666666.666668,22792666666.666668,2913333333.3333335,2299666666.6666665,2944333333.3333335,2629666666.6666665,5316333333.333333,1140000000.0,466134000000.0,467964000000.0,20778666666.666668,19450000000.0,14042000000.0,16608000000.0
2005-01-01,,28503200000.0,254300000000.0,232030000000.0,190786000000.0,-270000000.0,-22000000000.0,,11.6,,,,,,-124000000.0,8451087297.0,10379000000.0,4091000000.0,2900000000.0,487000000.0,919000000.0,6278000000.0,9000000.0,0.0,3715000000.0,759000000.0,588000000.0,,20000000.0,14000000.0,233000000.0,4942000000.0,717000000.0,2766000000.0,,66000000.0,119000000.0,,,463000000.0,11711000000.0,11620000000.0,19694000000.0,2822000000.0,1093000000.0,1486000000.0,241000000.0,1245000000.0,,,,,,,,,,,,,,,,,,,,,,,,,,,,,,,,,,,,
2005-02-01,,31228400000.0,254300000000.0,232030000000.0,190786000000.0,-270000000.0,-22000000000.0,,11.9,,,,,,-288000000.0,16706497993.0,11223000000.0,4192000000.0,3876000000.0,344000000.0,254000000.0,6982000000.0,50000000.0,0.0,995000000.0,196000000.0,588000000.0,,10000000.0,15000000.0,336000000.0,3374000000.0,906000000.0,1868000000.0,,48000000.0,283000000.0,,,375000000.0,2974000000.0,2923000000.0,12075000000.0,2107000000.0,983000000.0,1305000000.0,207000000.0,1098000000.0,,,,,,,,,,,,,,,,,,,,,,,,,,,,,,,,,,,,
2005-03-01,,30671300000.0,254300000000.0,232030000000.0,190786000000.0,-270000000.0,-22000000000.0,,12.1,,,,,,-1186000000.0,15434927733.0,10749000000.0,5500000000.0,3682000000.0,519000000.0,192000000.0,5240000000.0,9000000.0,3654000000.0,1083000000.0,225000000.0,587000000.0,,729000000.0,22000000.0,311000000.0,3165000000.0,808000000.0,1975000000.0,,88000000.0,121000000.0,,,597000000.0,969000000.0,921000000.0,12058000000.0,2014000000.0,1059000000.0,3177000000.0,266000000.0,2911000000.0,90646333333.33334,15177333333.333334,3060333333.3333335,7681333333.333333,34707666666.666664,-9074666666.666666,81571666666.66667,71613666666.66667,31845333333.333332,39768333333.333336,13451666666.666666,38915000.0,34563000.0,186903333333.33334,46448000000.0,91535666666.66667,4688838766.666667,110454000000.0,36307666666.666664,33949666666.666668,66707000000.0,55980000000.0,19832666666.666668,19935666666.666668,710000000.0,2204333333.3333335,4269333333.3333335,4896666666.666667,5267666666.666667,1032333333.3333334,117307000000.0,111248000000.0,18386666666.666668,19333666666.666668,12299000000.0,16677000000.0
2005-04-01,,28802400000.0,254300000000.0,232030000000.0,190786000000.0,-270000000.0,-22000000000.0,,11.9,,,,,,-393000000.0,17196444581.0,9439000000.0,4042000000.0,4028000000.0,601000000.0,211000000.0,5262000000.0,135000000.0,0.0,812000000.0,168000000.0,588000000.0,,6000000.0,70000000.0,2004000000.0,3576000000.0,935000000.0,1845000000.0,,60000000.0,91000000.0,,,733000000.0,1846000000.0,1797000000.0,12587000000.0,2040000000.0,942000000.0,1554000000.0,309000000.0,1245000000.0,,,,,,,,,,,,,,,,,,,,,,,,,,,,,,,,,,,,
2005-05-01,,32980300000.0,254300000000.0,232030000000.0,190786000000.0,-270000000.0,-22000000000.0,,11.9,,,,,,-331000000.0,18227011979.0,11595000000.0,4955000000.0,4156000000.0,1176000000.0,174000000.0,6419000000.0,222000000.0,0.0,1082000000.0,225000000.0,588000000.0,,10000000.0,29000000.0,623000000.0,3577000000.0,828000000.0,2012000000.0,,60000000.0,88000000.0,,,764000000.0,407000000.0,344000000.0,13407000000.0,2269000000.0,1208000000.0,2992000000.0,451000000.0,2541000000.0,,,,,,,,,,,,,,,,,,,,,,,,,,,,,,,,,,,,
2005-06-01,,40440900000.0,254300000000.0,232030000000.0,190786000000.0,-270000000.0,-22000000000.0,,11.8,,,,,,2151000000.0,20633328846.0,14805000000.0,8964000000.0,4129000000.0,555000000.0,146000000.0,5839000000.0,1000000.0,3596000000.0,1083000000.0,225000000.0,588000000.0,,25000000.0,17000000.0,2279000000.0,3542000000.0,912000000.0,2152000000.0,,72000000.0,158000000.0,,,834000000.0,2283000000.0,2171000000.0,12877000000.0,1953000000.0,1586000000.0,2860000000.0,556000000.0,2304000000.0,88497000000.0,15145333333.333334,4525333333.333333,8129666666.666667,34522666666.666664,-5187666666.666667,83309333333.33333,73554333333.33333,33364333333.333332,40190000000.0,13996333333.333334,39155000.0,34784000.0,192020000000.0,47129000000.0,94318666666.66667,4471209466.666667,110853666666.66667,36773000000.0,35800333333.333336,67974666666.666664,58734000000.0,19869333333.333332,20320666666.666668,917333333.3333334,2000000000.0,3084333333.3333335,1843666666.6666667,5320666666.666667,1233000000.0,234860000000.0,227602000000.0,18971000000.0,19428666666.666668,12882333333.333334,16643000000.0
2005-07-01,,30997400000.0,254300000000.0,232030000000.0,190786000000.0,-270000000.0,-22000000000.0,,11.7,,,,,,-464000000.0,23010063595.0,10417000000.0,4355000000.0,4422000000.0,311000000.0,183000000.0,5899000000.0,162000000.0,0.0,1082000000.0,225000000.0,587000000.0,,9000000.0,44000000.0,6197000000.0,4095000000.0,1082000000.0,2438000000.0,,66000000.0,116000000.0,,,877000000.0,10539000000.0,10479000000.0,12897000000.0,2232000000.0,1558000000.0,825000000.0,635000000.0,190000000.0,,,,,,,,,,,,,,,,,,,,,,,,,,,,,,,,,,,,
2005-08-01,,30149700000.0,254300000000.0,232030000000.0,190786000000.0,-270000000.0,-22000000000.0,,11.7,,,,,,-427000000.0,22642387129.0,10240000000.0,3577000000.0,3903000000.0,199000000.0,195000000.0,6467000000.0,198000000.0,0.0,1106000000.0,224000000.0,588000000.0,,27000000.0,51000000.0,5337000000.0,4107000000.0,862000000.0,2398000000.0,,68000000.0,119000000.0,,,1029000000.0,1692000000.0,1634000000.0,12350000000.0,2130000000.0,1516000000.0,2831000000.0,706000000.0,2125000000.0,,,,,,,,,,,,,,,,,,,,,,,,,,,,,,,,,,,,
2005-09-01,,40655600000.0,254300000000.0,232030000000.0,190786000000.0,-270000000.0,-22000000000.0,,11.6,,,,,,2655000000.0,17673018728.0,15373000000.0,8956000000.0,3673000000.0,186000000.0,154000000.0,6382000000.0,33000000.0,3689000000.0,1352000000.0,281000000.0,588000000.0,,11000000.0,74000000.0,68000000.0,3693000000.0,898000000.0,2178000000.0,,64000000.0,114000000.0,,,918000000.0,1647000000.0,1590000000.0,12807000000.0,2007000000.0,1415000000.0,1325000000.0,650000000.0,675000000.0,88911000000.0,15528000000.0,4855333333.333333,8342000000.0,34081000000.0,-7873666666.666667,81037333333.33333,71447333333.33333,32651000000.0,38796333333.333336,13917666666.666666,39492000.0,35092000.0,196343333333.33334,50289333333.333336,95882666666.66667,4798437000.0,111367000000.0,36916333333.333336,36317666666.666664,70812333333.33333,61054666666.666664,20378666666.666668,18417666666.666668,662333333.3333334,1916000000.0,3454000000.0,1630666666.6666667,5275000000.0,1340333333.3333333,351461000000.0,343359000000.0,19182000000.0,19485000000.0,12830666666.666666,16716666666.666666
2005-10-01,,29266700000.0,215530000000.0,158003000000.0,140791000000.0,-174000000.0,-53730000000.0,,11.5,,,,,,-318000000.0,17113859940.0,9858000000.0,3427000000.0,3648000000.0,170000000.0,172000000.0,6281000000.0,150000000.0,0.0,475000000.0,308000000.0,588000000.0,,12000000.0,28000000.0,1325000000.0,3574000000.0,1082000000.0,2122000000.0,,59000000.0,179000000.0,,,1152000000.0,2470000000.0,2427000000.0,13074000000.0,2057000000.0,1342000000.0,1296000000.0,788000000.0,508000000.0,,,,,,,,,,,,,,,,,,,,,,,,,,,,,,,,,,,,
2005-11-01,,29198900000.0,254300000000.0,232030000000.0,190786000000.0,-270000000.0,-22000000000.0,,11.5,,,,,,-306000000.0,16887739100.0,10182000000.0,3386000000.0,3607000000.0,76000000.0,210000000.0,6598000000.0,199000000.0,0.0,1264000000.0,283000000.0,587000000.0,,17000000.0,44000000.0,461000000.0,4879000000.0,1196000000.0,2994000000.0,,104000000.0,125000000.0,,,1541000000.0,565000000.0,500000000.0,13486000000.0,3037000000.0,1906000000.0,3924000000.0,914000000.0,3010000000.0,,,,,,,,,,,,,,,,,,,,,,,,,,,,,,,,,,,,
2005-12-01,,62460300000.0,254300000000.0,232030000000.0,190786000000.0,-270000000.0,-22000000000.0,,11.3,,,,,,3181000000.0,34432925040.0,22348000000.0,15465000000.0,8517000000.0,352000000.0,266000000.0,6502000000.0,381000000.0,3642000000.0,1026000000.0,139000000.0,588000000.0,,535000000.0,-8000000.0,1226000000.0,4981000000.0,1218000000.0,3020000000.0,,157000000.0,275000000.0,,,1836000000.0,1019000000.0,965000000.0,6962000000.0,1704000000.0,3104000000.0,186000000.0,1523000000.0,-1336000000.0,95276666666.66667,17960000000.0,4891333333.333333,9993333333.333334,34227000000.0,-3996000000.0,91280666666.66666,80834333333.33333,35885000000.0,44949333333.333336,14635333333.333334,39726000.0,35323000.0,199970000000.0,44679000000.0,107203666666.66667,4809818366.666667,111747000000.0,36778333333.333336,38888333333.333336,72120000000.0,63836000000.0,20779666666.666668,24169666666.666668,887000000.0,2353000000.0,3186666666.6666665,2889000000.0,5301333333.333333,1209666666.6666667,468993000000.0,465737000000.0,19802666666.666668,19470666666.666668,14074666666.666666,16683333333.333334
2006-01-01,,30381400000.0,261700000000.0,223210000000.0,192514000000.0,190000000.0,-38300000000.0,,11.4,,,,,,-43000000.0,12892332438.0,10837000000.0,4314000000.0,2896000000.0,462000000.0,927000000.0,6514000000.0,9000000.0,0.0,553000000.0,282000000.0,597000000.0,,19000000.0,-23000000.0,636000000.0,5243000000.0,768000000.0,3012000000.0,,63000000.0,61000000.0,,,627000000.0,12047000000.0,11956000000.0,19297000000.0,2841000000.0,1434000000.0,2473000000.0,287000000.0,2186000000.0,,,,,,,,,,,,,,,,,,,,,,,,,,,,,,,,,,,,
2006-02-01,,32504600000.0,261700000000.0,223210000000.0,192514000000.0,190000000.0,-38300000000.0,,11.4,,,,,,-164000000.0,16450417470.0,11639000000.0,4370000000.0,3908000000.0,220000000.0,244000000.0,7204000000.0,65000000.0,0.0,3305000000.0,678000000.0,596000000.0,,16000000.0,60000000.0,941000000.0,3428000000.0,985000000.0,1876000000.0,,57000000.0,131000000.0,,,368000000.0,2360000000.0,2311000000.0,12614000000.0,2110000000.0,900000000.0,1131000000.0,230000000.0,902000000.0,,,,,,,,,,,,,,,,,,,,,,,,,,,,,,,,,,,,
2006-03-01,,32964800000.0,261700000000.0,223210000000.0,192514000000.0,-190000000.0,-38300000000.0,,11.4,,,,,,-677000000.0,17915608420.0,11293000000.0,6017000000.0,3678000000.0,443000000.0,222000000.0,5267000000.0,8000000.0,3701000000.0,961000000.0,197000000.0,597000000.0,,2870000000.0,66000000.0,927000000.0,3593000000.0,814000000.0,1952000000.0,,71000000.0,147000000.0,,,606000000.0,1055000000.0,996000000.0,12352000000.0,2057000000.0,1322000000.0,722000000.0,314000000.0,407000000.0,91608666666.66667,15331333333.333334,3096666666.6666665,8341333333.333333,34861000000.0,-6948333333.333333,84660333333.33333,74292333333.33333,32143333333.333332,42149000000.0,14016333333.333334,38947000.0,34520000.0,195403333333.33334,54291333333.333336,92324666666.66667,4866742433.333333,113071666666.66667,37250666666.666664,38465333333.333336,74709000000.0,66130000000.0,20936000000.0,21213000000.0,803000000.0,2416000000.0,4116333333.3333335,4182333333.3333335,5371333333.333333,2013333333.3333333,116563000000.0,119724000000.0,20267000000.0,19321666666.666668,14207333333.333334,16703333333.333334
2006-04-01,,31742200000.0,261700000000.0,223210000000.0,192514000000.0,190000000.0,-38300000000.0,,11.3,,,,,,-84000000.0,16697746066.0,10802000000.0,4792000000.0,4033000000.0,629000000.0,201000000.0,5869000000.0,141000000.0,0.0,962000000.0,198000000.0,596000000.0,,8000000.0,43000000.0,95000000.0,3553000000.0,736000000.0,2017000000.0,,53000000.0,91000000.0,,,542000000.0,2189000000.0,2142000000.0,11977000000.0,2073000000.0,1238000000.0,658000000.0,313000000.0,346000000.0,,,,,,,,,,,,,,,,,,,,,,,,,,,,,,,,,,,,
2006-05-01,,35589300000.0,261700000000.0,223210000000.0,192514000000.0,-190000000.0,-38300000000.0,,10.9,,,,,,-148000000.0,20299586157.0,12705000000.0,5886000000.0,4138000000.0,1623000000.0,247000000.0,6596000000.0,224000000.0,0.0,961000000.0,197000000.0,597000000.0,,10000000.0,23000000.0,543000000.0,3428000000.0,906000000.0,1991000000.0,,55000000.0,62000000.0,,,835000000.0,366000000.0,269000000.0,14663000000.0,2145000000.0,1273000000.0,1327000000.0,528000000.0,798000000.0,,,,,,,,,,,,,,,,,,,,,,,,,,,,,,,,,,,,
2006-06-01,,43874300000.0,261600000000.0,223220000000.0,193995000000.0,-190000000.0,-38190000000.0,,10.8,,,,,,2711000000.0,20609520680.0,16780000000.0,10507000000.0,4509000000.0,577000000.0,156000000.0,6268000000.0,4000000.0,3643000000.0,698000000.0,141000000.0,596000000.0,,11000000.0,40000000.0,509000000.0,3593000000.0,896000000.0,2041000000.0,,87000000.0,116000000.0,,,838000000.0,1219000000.0,1168000000.0,12122000000.0,2066000000.0,1282000000.0,1615000000.0,598000000.0,1018000000.0,88766000000.0,15296666666.666666,4854666666.666667,8333000000.0,34277666666.666668,-1346333333.3333333,87419666666.66667,77556333333.33333,33592333333.333332,43964000000.0,14259666666.666666,39443000.0,35015000.0,198053333333.33334,51163333333.333336,96060000000.0,4506335433.333333,113939666666.66667,37173000000.0,40353000000.0,77228000000.0,67403333333.333336,20631333333.333332,23332666666.666668,751000000.0,1850000000.0,3000000000.0,1567333333.3333333,5391666666.666667,1527666666.6666667,233876000000.0,242446000000.0,20179000000.0,19442666666.666668,14117000000.0,16714333333.333334
2006-07-01,,34569600000.0,261600000000.0,223220000000.0,193995000000.0,-190000000.0,-38190000000.0,,10.6,,,,,,-157000000.0,18685341631.0,12155000000.0,5295000000.0,4568000000.0,486000000.0,225000000.0,6713000000.0,149000000.0,0.0,1086000000.0,282000000.0,535000000.0,,206000000.0,67000000.0,996000000.0,3989000000.0,1071000000.0,2352000000.0,,80000000.0,105000000.0,,,874000000.0,11780000000.0,11694000000.0,12880000000.0,2158000000.0,1590000000.0,2013000000.0,611000000.0,1402000000.0,,,,,,,,,,,,,,,,,,,,,,,,,,,,,,,,,,,,
2006-08-01,,31831800000.0,261600000000.0,223220000000.0,193995000000.0,-190000000.0,-38190000000.0,,10.5,,,,,,-175000000.0,18075331914.0,11216000000.0,4492000000.0,4081000000.0,237000000.0,246000000.0,6486000000.0,236000000.0,0.0,1334000000.0,283000000.0,588000000.0,,11000000.0,88000000.0,322000000.0,3848000000.0,936000000.0,2059000000.0,,58000000.0,90000000.0,,,1036000000.0,2024000000.0,1786000000.0,12775000000.0,1911000000.0,1630000000.0,1707000000.0,652000000.0,1054000000.0,,,,,,,,,,,,,,,,,,,,,,,,,,,,,,,,,,,,
2006-09-01,,43880800000.0,261600000000.0,223220000000.0,193995000000.0,-190000000.0,-38190000000.0,,10.5,,,,,,2994000000.0,22371005575.0,16428000000.0,9979000000.0,3815000000.0,241000000.0,165000000.0,6449000000.0,1000000.0,3738000000.0,1360000000.0,282000000.0,588000000.0,,9000000.0,120000000.0,3702000000.0,3466000000.0,832000000.0,2417000000.0,,68000000.0,98000000.0,,,829000000.0,1257000000.0,1186000000.0,11895000000.0,2289000000.0,1077000000.0,1556000000.0,572000000.0,984000000.0,89458666666.66666,15508333333.333334,5061666666.666667,8529000000.0,33716000000.0,-4800000000.0,84658666666.66667,75062333333.33333,33117333333.333332,41945000000.0,14166333333.333334,39892000.0,35447000.0,204276666666.66666,56374333333.333336,98478333333.33333,4887192866.666667,114152000000.0,37324333333.333336,41348333333.333336,79398333333.33333,69000666666.66667,20860333333.333332,21084666666.666668,639000000.0,2043000000.0,3493000000.0,1573666666.6666667,5448666666.666667,1300000000.0,349205000000.0,359784000000.0,19316666666.666668,19507000000.0,13247000000.0,16765666666.666666
2006-10-01,,32110400000.0,261600000000.0,223220000000.0,193995000000.0,-190000000.0,-38190000000.0,,10.3,,,,,,-166000000.0,14998092187.0,10911000000.0,4402000000.0,3897000000.0,193000000.0,217000000.0,6357000000.0,151000000.0,0.0,2152000000.0,825000000.0,588000000.0,,27000000.0,52000000.0,134000000.0,3971000000.0,1175000000.0,1833000000.0,,64000000.0,106000000.0,,,1197000000.0,2276000000.0,2224000000.0,12728000000.0,2292000000.0,1316000000.0,2229000000.0,761000000.0,1468000000.0,,,,,,,,,,,,,,,,,,,,,,,,,,,,,,,,,,,,
2006-11-01,,31560800000.0,261600000000.0,223220000000.0,193995000000.0,-190000000.0,-38190000000.0,,10.1,,,,,,-205000000.0,18727510687.0,11331000000.0,4027000000.0,3808000000.0,331000000.0,251000000.0,7060000000.0,245000000.0,0.0,0.0,0.0,587000000.0,,15000000.0,62000000.0,27000000.0,4313000000.0,1303000000.0,3081000000.0,,99000000.0,155000000.0,,,1334000000.0,629000000.0,575000000.0,14944000000.0,2465000000.0,1923000000.0,2589000000.0,755000000.0,1834000000.0,,,,,,,,,,,,,,,,,,,,,,,,,,,,,,,,,,,,
2006-12-01,,65128800000.0,261600000000.0,223220000000.0,193995000000.0,-190000000.0,-38190000000.0,,9.8,,,,,,3580000000.0,35083847384.0,23596000000.0,16266000000.0,8791000000.0,510000000.0,258000000.0,6949000000.0,381000000.0,3607000000.0,1214000000.0,312000000.0,588000000.0,,566000000.0,287000000.0,627000000.0,5307000000.0,1625000000.0,3164000000.0,,142000000.0,326000000.0,,,1926000000.0,1210000000.0,1162000000.0,7769000000.0,1703000000.0,3364000000.0,4695000000.0,1491000000.0,3204000000.0,96591333333.33333,17948333333.333332,5563333333.333334,10425666666.666666,33565333333.333332,-1100000000.0,95491333333.33333,84761333333.33333,36257666666.666664,48503666666.666664,15010333333.333334,40149000.0,35707000.0,210993333333.33334,53235000000.0,109760666666.66667,4915552900.0,115662333333.33333,37502333333.333336,40716333333.333336,84114000000.0,70885000000.0,21854333333.333332,26649333333.333332,845666666.6666666,2575000000.0,3497666666.6666665,2586333333.3333335,5527666666.666666,1164666666.6666667,467005000000.0,487489000000.0,20456333333.333332,19486333333.333332,14450333333.333334,16713333333.333334
2007-01-01,,34255900000.0,270500000000.0,250690000000.0,220530000000.0,-230000000.0,-19580000000.0,,9.6,,,,,,111000000.0,16793651892.000002,12696000000.0,5544000000.0,3377000000.0,889000000.0,1101000000.0,7153000000.0,-1000000.0,0.0,-211000000.0,302000000.0,559000000.0,,23000000.0,-19000000.0,808000000.0,5106000000.0,766000000.0,2945000000.0,,65000000.0,164000000.0,,,1034000000.0,13644000000.0,13556000000.0,20125000000.0,2703000000.0,1260000000.0,2100000000.0,300000000.0,1800000000.0,,,,,,,,,,,,,,,,,,,,,,,,,,,,,,,,,,,,
2007-02-01,,37937200000.0,270500000000.0,250690000000.0,220530000000.0,-230000000.0,-19580000000.0,,9.5,,,,,,-37000000.0,17972056864.0,13782000000.0,4644000000.0,4102000000.0,169000000.0,459000000.0,9098000000.0,39000000.0,0.0,3801000000.0,874000000.0,559000000.0,,11000000.0,90000000.0,145000000.0,3429000000.0,864000000.0,1815000000.0,,48000000.0,85000000.0,,,345000000.0,523000000.0,407000000.0,12542000000.0,2131000000.0,964000000.0,1242000000.0,241000000.0,1001000000.0,,,,,,,,,,,,,,,,,,,,,,,,,,,,,,,,,,,,
2007-03-01,,38383800000.0,270500000000.0,250690000000.0,220530000000.0,-230000000.0,-19580000000.0,,9.3,,,,,,278000000.0,20929040112.0,14334000000.0,7621000000.0,4029000000.0,329000000.0,285000000.0,6711000000.0,3000000.0,3706000000.0,784000000.0,181000000.0,559000000.0,,3515000000.0,46000000.0,576000000.0,3818000000.0,941000000.0,2218000000.0,,52000000.0,105000000.0,,,561000000.0,1212000000.0,1158000000.0,12678000000.0,2077000000.0,1499000000.0,1095000000.0,329000000.0,766000000.0,91904333333.33333,15410333333.333334,3534666666.6666665,8635666666.666666,33964666666.666668,-2095000000.0,89809333333.33333,78951333333.33333,32018666666.666668,46932666666.666664,14506333333.333334,39718000.0,35252000.0,207183333333.33334,59833000000.0,95193333333.33333,4974051166.666667,114850333333.33333,37783333333.333336,44600000000.00001,83715000000.0,71548000000.0,23653333333.333332,23279333333.333332,747333333.3333334,2609666666.6666665,3978333333.3333335,3782000000.0,5567666666.666667,2279666666.6666665,115939100000.0,112539000000.0,18725666666.666668,19425000000.0,12590333333.333334,16789666666.666666
2007-04-01,,36594100000.0,270500000000.0,250690000000.0,220530000000.0,-230000000.0,-19580000000.0,,9.2,,,,,,247000000.0,19006322516.0,13378000000.0,6115000000.0,4471000000.0,951000000.0,351000000.0,7114000000.0,149000000.0,0.0,1044000000.0,241000000.0,560000000.0,,10000000.0,80000000.0,92000000.0,3788000000.0,1066000000.0,2193000000.0,,55000000.0,164000000.0,,,870000000.0,2537000000.0,2488000000.0,12785000000.0,2123000000.0,1350000000.0,1860000000.0,359000000.0,1502000000.0,,,,,,,,,,,,,,,,,,,,,,,,,,,,,,,,,,,,
2007-05-01,,39260800000.0,270500000000.0,250690000000.0,220530000000.0,-230000000.0,-19580000000.0,,9.1,,,,,,58000000.0,22289465489.0,14884000000.0,6614000000.0,4524000000.0,1703000000.0,329000000.0,8029000000.0,241000000.0,0.0,783000000.0,181000000.0,559000000.0,,155000000.0,24000000.0,508000000.0,3815000000.0,833000000.0,2123000000.0,,59000000.0,66000000.0,,,686000000.0,328000000.0,236000000.0,14132000000.0,2193000000.0,1375000000.0,1372000000.0,498000000.0,873000000.0,,,,,,,,,,,,,,,,,,,,,,,,,,,,,,,,,,,,
2007-06-01,,49381000000.0,270500000000.0,250690000000.0,220530000000.0,-230000000.0,-19580000000.0,,9.0,,,,,,3176000000.0,23005816245.0,19078000000.0,11785000000.0,4742000000.0,617000000.0,232000000.0,7287000000.0,5000000.0,3709000000.0,392000000.0,91000000.0,559000000.0,,6000000.0,38000000.0,87000000.0,3793000000.0,818000000.0,2192000000.0,,98000000.0,86000000.0,,,707000000.0,1396000000.0,1344000000.0,12706000000.0,2081000000.0,1389000000.0,1473000000.0,592000000.0,881000000.0,88766666666.66667,15369333333.333334,4609000000.0,8684666666.666666,33423666666.666668,3689666666.6666665,92456333333.33333,82254333333.33333,33588666666.666668,48665666666.666664,14748666666.666666,40137000.0,35672000.0,207596666666.66666,52087333333.333336,99173666666.66667,4604085733.333333,116230666666.66667,37949000000.0,43043333333.333336,86014666666.66666,72121333333.33333,22515000000.0,26150666666.666668,784333333.3333334,1865666666.6666667,3038333333.3333335,1493333333.3333333,5621000000.0,1521666666.6666667,232566200000.0,232085500000.0,19689333333.333332,19531666666.666668,13500333333.333334,16760666666.666666
2007-07-01,,36964700000.0,270500000000.0,250690000000.0,220530000000.0,-230000000.0,-19580000000.0,,8.9,,,,,,-207000000.0,22228969581.0,13431000000.0,5611000000.0,4892000000.0,605000000.0,346000000.0,7657000000.0,164000000.0,0.0,831000000.0,241000000.0,559000000.0,,16000000.0,185000000.0,2668000000.0,4427000000.0,1460000000.0,2439000000.0,,60000000.0,190000000.0,,,1197000000.0,13066000000.0,12959000000.0,13697000000.0,2018000000.0,1819000000.0,2913000000.0,678000000.0,2235000000.0,,,,,,,,,,,,,,,,,,,,,,,,,,,,,,,,,,,,
2007-08-01,,35264200000.0,270500000000.0,250690000000.0,220530000000.0,-230000000.0,-19580000000.0,,8.8,,,,,,-144000000.0,19358168552.0,12840000000.0,4746000000.0,4368000000.0,255000000.0,408000000.0,7830000000.0,264000000.0,0.0,1276000000.0,302000000.0,559000000.0,,130000000.0,93000000.0,161000000.0,4040000000.0,813000000.0,2298000000.0,,61000000.0,84000000.0,,,828000000.0,1389000000.0,1325000000.0,12861000000.0,2308000000.0,1367000000.0,1685000000.0,661000000.0,1024000000.0,,,,,,,,,,,,,,,,,,,,,,,,,,,,,,,,,,,,
2007-09-01,,48415100000.0,272650000000.0,257988000000.0,232528000000.0,-230000000.0,-19580000000.0,,8.7,,,,,,3453000000.0,21172320612.0,18857000000.0,11028000000.0,4111000000.0,243000000.0,270000000.0,7828000000.0,1000000.0,3847000000.0,1275000000.0,301000000.0,559000000.0,,5000000.0,93000000.0,73000000.0,3318000000.0,756000000.0,1982000000.0,,57000000.0,98000000.0,,,670000000.0,1390000000.0,1290000000.0,12285000000.0,2029000000.0,1166000000.0,1436000000.0,539000000.0,897000000.0,90171333333.33333,15571333333.333334,4981000000.0,8958333333.333334,33255666666.666668,-1669333333.3333333,88501999999.99998,78283666666.66667,33038666666.666668,45245000000.00001,14768333333.333334,40503000.0,36026000.0,213880000000.0,59341666666.666664,100869666666.66667,4963883100.0,116615333333.33333,38054000000.0,44178333333.333336,87630000000.0,73509333333.33333,23014000000.0,22231000000.0,805333333.3333334,2013333333.3333333,3465333333.3333335,1591666666.6666667,5651333333.333333,1260666666.6666667,348562500000.0,348689100000.0,19332000000.0,19684666666.666668,13164666666.666666,16877666666.666666
2007-10-01,,33866800000.0,272650000000.0,257988000000.0,232528000000.0,-230000000.0,-19580000000.0,,8.6,,,,,,-90000000.0,16849053505.0,11979000000.0,4447000000.0,4208000000.0,214000000.0,329000000.0,7372000000.0,159000000.0,0.0,2541000000.0,654000000.0,560000000.0,,10000000.0,93000000.0,915000000.0,3842000000.0,1263000000.0,2345000000.0,,70000000.0,235000000.0,,,1323000000.0,2659000000.0,2610000000.0,12948000000.0,2103000000.0,1652000000.0,2408000000.0,743000000.0,1665000000.0,,,,,,,,,,,,,,,,,,,,,,,,,,,,,,,,,,,,
2007-11-01,,34600700000.0,272270000000.0,257607000000.0,231699000000.0,-230000000.0,-14433000000.0,,8.5,,,,,,-191000000.0,20523962074.0,12830000000.0,4211000000.0,4158000000.0,192000000.0,433000000.0,8391000000.0,230000000.0,0.0,0.0,0.0,559000000.0,,14000000.0,42000000.0,-3000000.0,3297000000.0,1545000000.0,1608000000.0,,81000000.0,120000000.0,,,962000000.0,279000000.0,218000000.0,14802000000.0,1247000000.0,1850000000.0,2030000000.0,695000000.0,1336000000.0,,,,,,,,,,,,,,,,,,,,,,,,,,,,,,,,,,,,
2007-12-01,,68893100000.0,272270000000.0,257607000000.0,231699000000.0,-230000000.0,-14433000000.0,,8.4,,,,,,3974000000.0,35589468289.0,26173000000.0,17520000000.0,9023000000.0,711000000.0,375000000.0,8285000000.0,367000000.0,3671000000.0,1821000000.0,561000000.0,559000000.0,,412000000.0,159000000.0,664000000.0,7721000000.0,2312000000.0,5841000000.0,,352000000.0,210000000.0,,,2048000000.0,2951000000.0,2580000000.0,16863000000.0,3999000000.0,4051000000.0,4702000000.0,1564000000.0,3137000000.0,98117333333.33333,18010333333.333332,5372000000.0,10931000000.0,33300333333.333332,1386999999.9999998,99504333333.33333,88145666666.66667,36232333333.333336,51913333333.333336,15585000000.0,40766000.0,36298000.0,218746666666.66666,54487000000.0,113034333333.33333,4978910400.0,117430333333.33333,38531000000.0,44612333333.33333,88454666666.66666,73995666666.66667,23553666666.666668,28359666666.666668,948333333.3333334,2730666666.6666665,4066666666.6666665,2525000000.0,5722000000.0,1397000000.0,467197800000.0,476324400000.0,20975333333.333332,19719666666.666668,14817333333.333334,16879333333.333334
2008-01-01,,37778165000.0,283200000000.0,271051000000.0,237955000000.0,249000000.0,-11900000000.0,,8.2,,,,,,337000000.0,16652371927.0,14078000000.0,6469000000.0,3728000000.0,796000000.0,1621000000.0,7601000000.0,8000000.0,0.0,1438000000.0,631000000.0,556000000.0,,422000000.0,4000000.0,442000000.0,5266000000.0,904000000.0,3167000000.0,,81000000.0,141000000.0,,,1068000000.0,13321000000.0,12945000000.0,20400000000.0,2767000000.0,1456000000.0,2436000000.0,319000000.0,2117000000.0,,,,,,,,,,,,,,,,,,,,,,,,,,,,,,,,,,,,
2008-02-01,,39387236000.0,283200000000.0,271051000000.0,237955000000.0,249000000.0,-11900000000.0,,8.0,,,,,,10000000.0,20398271473.0,14488000000.0,5118000000.0,4469000000.0,384000000.0,398000000.0,9310000000.0,60000000.0,0.0,2684000000.0,631000000.0,557000000.0,,24000000.0,93000000.0,101000000.0,3853000000.0,759000000.0,2185000000.0,,54000000.0,57000000.0,,,391000000.0,783000000.0,678000000.0,13264000000.0,2118000000.0,1368000000.0,959000000.0,288000000.0,671000000.0,,,,,,,,,,,,,,,,,,,,,,,,,,,,,,,,,,,,
2008-03-01,,41681652000.0,283200000000.0,271051000000.0,237955000000.0,249000000.0,-11900000000.0,,7.9,,,,,,1220000000.0,21754810500.0,15777000000.0,8838000000.0,4365000000.0,365000000.0,360000000.0,6938000000.0,2000000.0,3603000000.0,1327000000.0,-2840000000.0,556000000.0,,3507000000.0,62000000.0,267000000.0,3465000000.0,711000000.0,2120000000.0,,54000000.0,77000000.0,,,544000000.0,1177000000.0,1101000000.0,12617000000.0,2057000000.0,1367000000.0,1009000000.0,340000000.0,669000000.0,94553333333.33333,15734666666.666666,3885000000.0,9054666666.666666,33958000000.0,-1843666666.6666667,92709666666.66667,81239000000.0,32237000000.0,49002000000.0,15027666666.666666,40397000.0,35915000.0,213173333333.33334,59121666666.666664,98941333333.33333,5001446800.0,118292000000.0,38982000000.0,45515333333.33333,89759666666.66667,75718333333.33333,23852666666.666668,25149333333.333332,851666666.6666666,2643333333.3333335,4485333333.333333,4027000000.0,5838000000.0,2551666666.6666665,117810700000.0,114102400000.0,19203666666.666668,19650666666.666668,13009333333.333334,16931666666.666666
2008-04-01,,38485082000.0,283200000000.0,271051000000.0,237955000000.0,249000000.0,-11900000000.0,,7.9,,,,,,430000000.0,20494400758.0,14045000000.0,6912000000.0,4790000000.0,1353000000.0,415000000.0,7012000000.0,121000000.0,0.0,1326000000.0,3471000000.0,556000000.0,,109000000.0,28000000.0,982000000.0,3958000000.0,1344000000.0,2271000000.0,,65000000.0,196000000.0,,,977000000.0,3485000000.0,3422000000.0,13491000000.0,2093000000.0,1489000000.0,2276000000.0,433000000.0,1844000000.0,,,,,,,,,,,,,,,,,,,,,,,,,,,,,,,,,,,,
2008-05-01,,40520738000.0,283200000000.0,271051000000.0,237955000000.0,249000000.0,-11900000000.0,,7.9,,,,,,327000000.0,23737259745.0,15453000000.0,7153000000.0,4859000000.0,1690000000.0,383000000.0,8110000000.0,190000000.0,10000000.0,814000000.0,190000000.0,556000000.0,,10000000.0,54000000.0,474000000.0,3624000000.0,913000000.0,2140000000.0,,60000000.0,42000000.0,,,673000000.0,272000000.0,213000000.0,14946000000.0,2177000000.0,1344000000.0,1231000000.0,481000000.0,749000000.0,,,,,,,,,,,,,,,,,,,,,,,,,,,,,,,,,,,,
2008-06-01,,51823064000.0,283200000000.0,271051000000.0,237955000000.0,249000000.0,-11900000000.0,,7.7,,,,,,3662000000.0,23431996652.0,20176000000.0,12352000000.0,5076000000.0,760000000.0,261000000.0,7812000000.0,11000000.0,3646000000.0,664000000.0,157000000.0,557000000.0,,14000000.0,47000000.0,74000000.0,3790000000.0,899000000.0,2461000000.0,,116000000.0,69000000.0,,,855000000.0,1780000000.0,1646000000.0,13388000000.0,2393000000.0,1273000000.0,1537000000.0,613000000.0,924000000.0,92930333333.33333,15845000000.0,5219000000.0,9437333333.333334,33637666666.666668,2864333333.3333335,95794666666.66667,85039333333.33333,34169000000.0,50870333333.333336,15553666666.666666,40722000.0,36246000.0,215490000000.0,52589333333.333336,103334333333.33333,4720567233.333333,118445666666.66667,39752000000.0,44058000000.0,89650666666.66667,75632000000.0,23083666666.666668,27786666666.666668,762666666.6666666,1972666666.6666667,3489333333.3333335,2069333333.3333333,5785000000.0,1715000000.0,236912800000.0,234895300000.0,20191333333.333332,19782000000.0,13986000000.0,16904666666.666666
2008-07-01,,39049631000.0,283200000000.0,271051000000.0,237955000000.0,249000000.0,-11900000000.0,,7.7,,,,,,46000000.0,22106033738.0,14327000000.0,6378000000.0,5354000000.0,657000000.0,432000000.0,7808000000.0,141000000.0,0.0,518000000.0,190000000.0,556000000.0,,111000000.0,83000000.0,818000000.0,4937000000.0,1302000000.0,2933000000.0,,72000000.0,218000000.0,,,1290000000.0,13857000000.0,13801000000.0,14646000000.0,2414000000.0,1913000000.0,2749000000.0,709000000.0,2040000000.0,,,,,,,,,,,,,,,,,,,,,,,,,,,,,,,,,,,,
2008-08-01,,37646054000.0,283200000000.0,271051000000.0,237955000000.0,249000000.0,-11900000000.0,,7.6,,,,,,-55000000.0,21960705482.0,14150000000.0,5285000000.0,4696000000.0,353000000.0,499000000.0,8659000000.0,205000000.0,0.0,776000000.0,189000000.0,556000000.0,,11000000.0,186000000.0,25000000.0,4091000000.0,731000000.0,2256000000.0,,68000000.0,67000000.0,,,713000000.0,533000000.0,471000000.0,13469000000.0,2372000000.0,1402000000.0,1420000000.0,585000000.0,836000000.0,,,,,,,,,,,,,,,,,,,,,,,,,,,,,,,,,,,,
2008-09-01,,48814037000.0,283200000000.0,271051000000.0,237955000000.0,249000000.0,-11900000000.0,,7.6,,,,,,3782000000.0,21676401610.0,18883000000.0,11092000000.0,4465000000.0,202000000.0,279000000.0,7803000000.0,-11000000.0,3834000000.0,905000000.0,221000000.0,556000000.0,,10000000.0,27000000.0,83000000.0,3676000000.0,1130000000.0,2231000000.0,,67000000.0,91000000.0,,,810000000.0,1344000000.0,1284000000.0,13430000000.0,2175000000.0,1493000000.0,1749000000.0,627000000.0,1121000000.0,93174666666.66667,15906000000.0,5481000000.000001,9542000000.0,33640333333.333332,-1893333333.3333333,91281333333.33333,80880333333.33333,33793666666.666668,47086666666.666664,15357333333.333334,41046000.0,36561000.0,217696666666.66666,56562000000.0,104826666666.66667,5015826066.666667,119256333333.33333,39581333333.333336,45776333333.333336,89323000000.0,78224666666.66667,23589000000.0,23497666666.666668,711333333.3333334,2030000000.0,3658000000.0,1854333333.3333333,5792000000.0,1281333333.3333333,355691400000.0,353389600000.0,19841666666.666668,20041333333.333332,13589666666.666666,17139333333.333334
2008-10-01,,34457623000.0,283200000000.0,271051000000.0,237955000000.0,249000000.0,-11900000000.0,,7.6,,,,,,68000000.0,18292149778.0,12354000000.0,4551000000.0,4508000000.0,289000000.0,402000000.0,7681000000.0,122000000.0,0.0,1714000000.0,278000000.0,557000000.0,,7000000.0,58000000.0,964000000.0,3917000000.0,1494000000.0,2384000000.0,,74000000.0,210000000.0,,,1326000000.0,2947000000.0,2872000000.0,13952000000.0,2187000000.0,1544000000.0,2305000000.0,770000000.0,1535000000.0,,,,,,,,,,,,,,,,,,,,,,,,,,,,,,,,,,,,
2008-11-01,,36697629000.0,283200000000.0,271051000000.0,237955000000.0,249000000.0,-11900000000.0,,7.6,,,,,,-149000000.0,21323742258.0,13838000000.0,4698000000.0,4616000000.0,245000000.0,454000000.0,8937000000.0,203000000.0,0.0,1335000000.0,311000000.0,556000000.0,,16000000.0,36000000.0,495000000.0,4529000000.0,1330000000.0,2664000000.0,,107000000.0,108000000.0,,,1027000000.0,511000000.0,433000000.0,15245000000.0,2718000000.0,1616000000.0,2257000000.0,710000000.0,1546000000.0,,,,,,,,,,,,,,,,,,,,,,,,,,,,,,,,,,,,
2008-12-01,,69157179000.0,283200000000.0,271051000000.0,237955000000.0,249000000.0,-11900000000.0,,7.7,,,,,,4221000000.0,38648350790.0,25963000000.0,17533000000.0,9384000000.0,1211000000.0,418000000.0,8135000000.0,296000000.0,3757000000.0,1839000000.0,309000000.0,556000000.0,,327000000.0,59000000.0,3905000000.0,5288000000.0,1920000000.0,3187000000.0,,240000000.0,331000000.0,,,1557000000.0,1364000000.0,1305000000.0,9576000000.0,1541000000.0,3477000000.0,4388000000.0,1324000000.0,3065000000.0,102768333333.33333,18548333333.333332,5776666666.666667,11636000000.0,33819333333.333332,-1397000000.0,101371333333.33333,89473666666.66667,37317333333.333336,52156333333.333336,16107000000.0,41240000.0,36765000.0,216733333333.33334,45691333333.333336,117287333333.33333,4964500333.333333,118039333333.33333,40090333333.333336,44713666666.666664,83818000000.0,73487333333.33333,23913000000.0,28243333333.333332,822000000.0,2826000000.0,4357666666.666667,4181000000.0,5617000000.0,1463666666.6666667,477384000000.0,483977900000.0,21498333333.333332,20033333333.333332,15283666666.666666,17100333333.333334
2009-01-01,980375000000.0,39045769000.0,297617000000.0,260339000000.0,233180000000.0,400000000.0,-36878000000.0,,7.8,12760429066.92,233668242.03,3941147454.0,556257012.89,2187992352.57,236000000.0,17471953944.0,14648000000.0,7102000000.0,3984000000.0,1040000000.0,1724000000.0,7560000000.0,-14000000.0,0.0,1238000000.0,332000000.0,565000000.0,,170000000.0,50000000.0,474000000.0,6074000000.0,942000000.0,3609000000.0,,72000000.0,124000000.0,,,1073000000.0,12474000000.0,12227000000.0,20002000000.0,3130000000.0,1759000000.0,2609000000.0,299000000.0,2310000000.0,,,,,,,,,,,,,,,,,,,,,,,,,,,,,,,,,,,,
2009-02-01,995170000000.0,37072991000.0,297617000000.0,260339000000.0,233180000000.0,400000000.0,-36878000000.0,,7.9,10895601432.684,-178386219.706,778808328.85,-1433629822.5159998,1059200729.48,-609000000.0,18992166312.0,13822000000.0,4764000000.0,4627000000.0,433000000.0,404000000.0,9042000000.0,15000000.0,0.0,2401000000.0,995000000.0,564000000.0,,10000000.0,155000000.0,60000000.0,3733000000.0,795000000.0,2083000000.0,,55000000.0,52000000.0,,,288000000.0,67000000.0,-47000000.0,13534000000.0,2063000000.0,1204000000.0,1056000000.0,229000000.0,827000000.0,,,,,,,,,,,,,,,,,,,,,,,,,,,,,,,,,,,,
2009-03-01,1003060000000.0,40611987000.0,297617000000.0,260339000000.0,233180000000.0,400000000.0,-36878000000.0,,8.1,10318499724.014,4343245513.656,740349047.6,3847877969.2060003,459553382.21000004,1635000000.0,24202584489.0,15182000000.0,8583000000.0,4375000000.0,125000000.0,275000000.0,6599000000.0,2000000.0,3445000000.0,1257000000.0,332000000.0,565000000.0,,3619000000.0,45000000.0,236000000.0,3987000000.0,1075000000.0,2356000000.0,,91000000.0,76000000.0,,,649000000.0,1099000000.0,1024000000.0,13970000000.0,2433000000.0,1519000000.0,1440000000.0,358000000.0,1082000000.0,97110000000.0,16549333333.333334,3984666666.6666665,9686000000.0,34995666666.666664,-3422666666.6666665,93687333333.33333,81372666666.66667,33377000000.0,47995666666.666664,15838000000.0,40661000.0,36170000.0,202473333333.33334,47834666666.666664,100792333333.33333,4916180633.333333,118234666666.66667,41004666666.666664,38874666666.666664,72834666666.66667,65758333333.333336,23737000000.0,24258666666.666668,727666666.6666666,2871666666.6666665,4556333333.333333,3453000000.0,5244333333.333333,3172666666.6666665,122283500000.0,118061200000.0,19560333333.333332,20035000000.0,13297000000.0,17184666666.666668
2009-04-01,1007751000000.0,35627700000.0,297617000000.0,260339000000.0,233180000000.0,400000000.0,-36878000000.0,,8.3,9340021072.480001,-1182791051.488,835990009.45,1130170592.713,2345907823.3599997,481000000.0,18607315375.0,11953000000.0,4496000000.0,3140000000.0,1100000000.0,367000000.0,7333000000.0,123000000.0,0.0,1256000000.0,332000000.0,564000000.0,,9000000.0,36000000.0,863000000.0,4193000000.0,1253000000.0,2324000000.0,,78000000.0,184000000.0,,,960000000.0,3610000000.0,3554000000.0,14042000000.0,2232000000.0,1531000000.0,2228000000.0,408000000.0,1820000000.0,,,,,,,,,,,,,,,,,,,,,,,,,,,,,,,,,,,,
2009-05-01,1039601000000.0,37630119000.0,303217000000.0,255223000000.0,225463000000.0,400000000.0,-47594000000.0,,8.2,9781126491.967001,-870264872.299,841471444.83,46989611.181,3920540126.5099998,20000000.0,23055621613.0,14894000000.0,6527000000.0,4983000000.0,1588000000.0,371000000.0,8176000000.0,191000000.0,0.0,753000000.0,199000000.0,565000000.0,,11000000.0,12000000.0,588000000.0,3919000000.0,879000000.0,2303000000.0,,69000000.0,84000000.0,,,745000000.0,34000000.0,-40000000.0,13702000000.0,2292000000.0,1422000000.0,1408000000.0,601000000.0,807000000.0,,,,,,,,,,,,,,,,,,,,,,,,,,,,,,,,,,,,
2009-06-01,1051270000000.0,47285411000.0,303307000000.0,253828000000.0,224068000000.0,400000000.0,-47594000000.0,,8.3,11359685989.369999,2395079653.2609997,576839735.4200001,7963891801.250999,1248447754.58,3384000000.0,24446615337.0,17906000000.0,10026000000.0,4824000000.0,367000000.0,253000000.0,7878000000.0,2000000.0,3446000000.0,-837000000.0,-1008000000.0,565000000.0,,177000000.0,12000000.0,88000000.0,4097000000.0,1188000000.0,2520000000.0,,101000000.0,82000000.0,,,911000000.0,1683000000.0,1529000000.0,13571000000.0,2366000000.0,1771000000.0,1711000000.0,691000000.0,1020000000.0,97301333333.33333,16562333333.333334,5522666666.666667,9897333333.333334,35651333333.333336,-3054000000.0,94247333333.33333,82913000000.0,34870333333.333336,48042666666.666664,16327000000.0,40833000.0,36346000.0,202693333333.33334,41655666666.666664,103898333333.33333,4499687066.666667,119048666666.66667,41448666666.666664,36073333333.333336,71330333333.33333,61707333333.333336,23591666666.666668,24451000000.0,860000000.0,2904666666.6666665,2898333333.3333335,2206333333.3333335,5401333333.333333,1782333333.3333333,248020800000.0,238837700000.0,20270666666.666668,20087666666.666668,14046666666.666666,17136666666.666666
2009-07-01,1034460000000.0,36456898000.0,303307000000.0,253828000000.0,224068000000.0,400000000.0,-49079400000.0,,8.3,12073204248.11,-819110774.34,828003632.84,-566206714.61,1311844983.6599998,-240000000.0,21665074003.0,13820000000.0,6029000000.0,5141000000.0,486000000.0,442000000.0,7677000000.0,115000000.0,0.0,525000000.0,67000000.0,564000000.0,,8000000.0,43000000.0,943000000.0,4619000000.0,1472000000.0,2708000000.0,,101000000.0,244000000.0,,,1370000000.0,13447000000.0,13315000000.0,14709000000.0,2443000000.0,1887000000.0,2634000000.0,837000000.0,1797000000.0,,,,,,,,,,,,,,,,,,,,,,,,,,,,,,,,,,,,
2009-08-01,1044097000000.0,33923395000.0,303307000000.0,253828000000.0,224068000000.0,400000000.0,-49079400000.0,,8.2,10010072955.01,-837834334.46,818607012.1,-562936075.9499999,579017715.99,-239000000.0,18199124328.0,12616000000.0,4307000000.0,4293000000.0,206000000.0,384000000.0,8138000000.0,170000000.0,0.0,1182000000.0,152000000.0,565000000.0,,58000000.0,128000000.0,11000000.0,4144000000.0,852000000.0,2293000000.0,,83000000.0,62000000.0,,,934000000.0,265000000.0,173000000.0,14209000000.0,1904000000.0,1633000000.0,1964000000.0,801000000.0,1163000000.0,,,,,,,,,,,,,,,,,,,,,,,,,,,,,,,,,,,,
2009-09-01,1056424000000.0,45186301000.0,303307000000.0,253828000000.0,224068000000.0,400000000.0,-49079400000.0,,8.2,10067055727.43,2248834941.6899996,601337214.8,7861057108.02,556426386.14,3340000000.0,21355763641.0,17284000000.0,9167000000.0,4274000000.0,163000000.0,265000000.0,8116000000.0,1000000.0,3354000000.0,919000000.0,118000000.0,564000000.0,,157000000.0,14000000.0,60000000.0,4123000000.0,1329000000.0,2851000000.0,,76000000.0,102000000.0,,,926000000.0,1191000000.0,1102000000.0,14700000000.0,2680000000.0,1634000000.0,2051000000.0,744000000.0,1308000000.0,99530000000.0,16792333333.333334,6006333333.333333,10607000000.0,35927333333.333336,-10666000000.0,88863999999.99998,77632666666.66667,33575666666.666668,44056999999.99999,16388333333.333334,40995000.0,36495000.0,210276666666.66666,51672000000.0,105249666666.66667,4874677300.0,118926666666.66667,42005000000.0,37295666666.666664,73704333333.33333,63613000000.0,23909000000.0,20148000000.0,722666666.6666666,3070333333.3333335,3563000000.0,1592000000.0,5666333333.333333,1385333333.3333333,375274627433.0,358630025826.0,19927666666.666668,20613666666.666668,13714000000.0,17623000000.0
2009-10-01,1053992000000.0,32908020000.0,303307000000.0,253828000000.0,224068000000.0,400000000.0,-49079400000.0,,8.1,10311890065.52,-1132944385.9099998,712912570.6,-674099380.14,485432723.43,-286000000.0,16787833723.0,11811000000.0,3948000000.0,4374000000.0,113000000.0,313000000.0,7761000000.0,102000000.0,0.0,2996000000.0,59000000.0,565000000.0,,9000000.0,30000000.0,346000000.0,3817000000.0,1470000000.0,2424000000.0,,100000000.0,231000000.0,,,1411000000.0,2792000000.0,2716000000.0,16118000000.0,2299000000.0,1559000000.0,2615000000.0,865000000.0,1749000000.0,,,,,,,,,,,,,,,,,,,,,,,,,,,,,,,,,,,,
2009-11-01,1068730000000.0,34247747000.0,303307000000.0,253828000000.0,224068000000.0,400000000.0,-49079400000.0,,8.1,10066651042.52,-1152269167.22,758006335.48,-588594459.16,420427141.42,-250000000.0,18324762877.0,11928000000.0,3193000000.0,4263000000.0,115000000.0,334000000.0,8607000000.0,128000000.0,0.0,1481000000.0,157000000.0,565000000.0,0.0,14000000.0,13000000.0,23000000.0,5293000000.0,1545000000.0,2735000000.0,,112000000.0,194000000.0,,,1146000000.0,1325000000.0,1215000000.0,17006000000.0,2678000000.0,1850000000.0,3442000000.0,869000000.0,2573000000.0,,,,,,,,,,,,,,,,,,,,,,,,,,,,,,,,,,,,
2009-12-01,1053686000000.0,64884025000.0,303307000000.0,253828000000.0,224068000000.0,400000000.0,-49079400000.0,,8.1,18180819601.24,4125822174.83,778185558.02,8849150639.32,1148907242.2,3761000000.0,34633077577.0,24359000000.0,15637000000.0,8970000000.0,501000000.0,343000000.0,8513000000.0,209000000.0,3217000000.0,1709000000.0,282000000.0,564000000.0,2286000000.0,215000000.0,36000000.0,144000000.0,5358000000.0,2160000000.0,3114000000.0,,313000000.0,373000000.0,,,2013000000.0,1425000000.0,1331000000.0,11726000000.0,1419000000.0,3626000000.0,3945000000.0,1802000000.0,2143000000.0,107665000000.0,19173333333.333332,6562000000.0,12151666666.666666,35827000000.0,-9259666666.666666,98405333333.33333,86025333333.33334,36696333333.333336,49329000000.0,17046000000.0,41123000.0,36629000.0,215880000000.0,47022666666.666664,117107333333.33333,4889826500.0,119515666666.66667,41805000000.0,37013666666.666664,76193000000.0,63556333333.333336,24403000000.0,24926000000.0,900666666.6666666,3646333333.3333335,4806333333.333333,3179666666.6666665,5417666666.666667,1383000000.0,505578786859.0,490940184635.0,21621333333.333332,20664333333.333332,15335000000.0,17639000000.0
2010-01-01,1054268000000.0,36017595000.0,325400000000.0,239224000000.0,211887000000.0,376000000.0,-85800000000.0,,8.0,11672412289.14,-399846397.9,2741285559.85,391745093.92999995,1338993092.97,166000000.0,16497754325.999998,13326000000.0,5349000000.0,3579000000.0,596000000.0,1206000000.0,8003000000.0,-25000000.0,0.0,2025000000.0,199000000.0,573000000.0,0.0,231000000.0,54000000.0,546000000.0,5625000000.0,881000000.0,3632000000.0,,62000000.0,132000000.0,,,728000000.0,12527000000.0,12418000000.0,20675000000.0,3098000000.0,1760000000.0,2339000000.0,278000000.0,2060000000.0,,,,,,,,,,,,,,,,,,,,,,,,,,,,,,,,,,,,
2010-02-01,1069135000000.0,36020586000.0,319500000000.0,238924000000.0,211887000000.0,376000000.0,-80200000000.0,,8.0,9572525855.48,-487979119.2,719836653.5200001,-72481155.85,1089733403.32,-30000000.0,15442091547.000002,13463000000.0,4561000000.0,4009000000.0,511000000.0,317000000.0,8835000000.0,67000000.0,0.0,3651000000.0,412000000.0,573000000.0,2248000000.0,125000000.0,18000000.0,94000000.0,3435000000.0,922000000.0,2209000000.0,,85000000.0,73000000.0,,,483000000.0,-453000000.0,-507000000.0,15690000000.0,2348000000.0,1302000000.0,1245000000.0,240000000.0,1006000000.0,,,,,,,,,,,,,,,,,,,,,,,,,,,,,,,,,,,,
2010-03-01,1068193000000.0,39124994000.0,319500000000.0,238924000000.0,211887000000.0,376000000.0,-80200000000.0,,8.0,9169359500.75,2839191169.9700003,499560773.54,5835725361.773,783278832.5,2480000000.0,22020847914.0,14215000000.0,8292000000.0,3877000000.0,296000000.0,220000000.0,5918000000.0,4000000.0,3188000000.0,799000000.0,76000000.0,573000000.0,0.0,3510000000.0,10000000.0,318000000.0,4140000000.0,839000000.0,2236000000.0,,73000000.0,79000000.0,,,577000000.0,303000000.0,224000000.0,16273000000.0,2252000000.0,1442000000.0,1198000000.0,331000000.0,868000000.0,101047666666.66667,17265000000.0,4108333333.3333335,10223666666.666666,36720333333.333336,-10717000000.000002,90330666666.66667,78448000000.0,33757000000.0,44691000000.0,16627333333.333334,40564000.0,36049000.0,209973333333.33334,53767000000.0,102735000000.0,4888565766.666667,119264333333.33333,42597000000.0,40225333333.333336,78849000000.0,68693333333.333336,23002333333.333332,21688666666.666668,926000000.0,3159666666.6666665,4961000000.0,2737666666.6666665,5307666666.666667,1936333333.3333333,127754600000.0,123772300000.0,19920333333.333332,20620333333.333332,13533666666.666666,17686333333.333332
2010-04-01,1071579000000.0,37199139000.0,319500000000.0,238924000000.0,211887000000.0,376000000.0,-80200000000.0,,7.8,10356730996.907,306798863.404,612173486.307,1257603454.277,1759547479.99,534000000.0,20968822000.0,13668000000.0,6201000000.0,4413000000.0,830000000.0,269000000.0,7350000000.0,116000000.0,0.0,800000000.0,77000000.0,573000000.0,0.0,11000000.0,12000000.0,817000000.0,4003000000.0,1182000000.0,2493000000.0,,68000000.0,228000000.0,,,1002000000.0,3588000000.0,3503000000.0,15960000000.0,2279000000.0,1551000000.0,1881000000.0,397000000.0,1483000000.0,,,,,,,,,,,,,,,,,,,,,,,,,,,,,,,,,,,,
2010-05-01,1085609000000.0,38223945000.0,319500000000.0,238924000000.0,211887000000.0,376000000.0,-80200000000.0,,7.7,9131159064.0,-265388082.46,498707433.67,-144934330.53,3605462441.67,-61000000.0,19075564745.0,14540000000.0,5716000000.0,3964000000.0,1727000000.0,219000000.0,8653000000.0,172000000.0,0.0,1278000000.0,121000000.0,573000000.0,2248000000.0,14000000.0,37000000.0,44000000.0,4627000000.0,1063000000.0,2392000000.0,,74000000.0,93000000.0,,,879000000.0,-559000000.0,-630000000.0,17567000000.0,2363000000.0,1503000000.0,1335000000.0,506000000.0,830000000.0,,,,,,,,,,,,,,,,,,,,,,,,,,,,,,,,,,,,
2010-06-01,1077587000000.0,48435505000.0,319500000000.0,238924000000.0,211887000000.0,376000000.0,-80200000000.0,,7.7,10958654974.105,3788119150.4290004,307114348.278,8568603182.768001,1172181824.18,3641000000.0,28383753709.0,18461000000.0,10834000000.0,4648000000.0,515000000.0,136000000.0,7626000000.0,1000000.0,3160000000.0,640000000.0,62000000.0,573000000.0,0.0,202000000.0,23000000.0,399000000.0,4198000000.0,1007000000.0,2489000000.0,,81000000.0,108000000.0,,,826000000.0,4786000000.0,4721000000.0,15796000000.0,2294000000.0,1507000000.0,1721000000.0,641000000.0,1079000000.0,100407333333.33333,17061666666.666666,5791000000.0,10415333333.333334,35999666666.666664,-4244666666.6666665,96162666666.66667,84171666666.66667,35272666666.666664,48899000000.0,16833666666.666666,41004000.0,36491000.0,213036666666.66666,47171333333.333336,107162333333.33333,4593665800.0,121158666666.66667,42297333333.333336,42379333333.333336,85732333333.33333,75569000000.0,23719000000.0,25180000000.0,595000000.0,2493666666.6666665,3828333333.3333335,2624666666.6666665,5431666666.666667,1763666666.6666667,254967600000.0,252440300000.0,20749666666.666668,20666333333.333332,14351333333.333334,17668666666.666668
2010-07-01,1079243000000.0,36126510000.0,319500000000.0,238924000000.0,211887000000.0,376000000.0,-80200000000.0,,7.6,11286094757.49,-857298342.44,454741424.34000003,-422617401.59999996,1345933642.6599998,-179000000.0,20731054458.0,12983000000.0,5083000000.0,4807000000.0,620000000.0,264000000.0,7749000000.0,151000000.0,0.0,1280000000.0,127000000.0,573000000.0,0.0,17000000.0,76000000.0,1016000000.0,4703000000.0,1604000000.0,2619000000.0,,123000000.0,256000000.0,,,1222000000.0,9406000000.0,9129000000.0,16449000000.0,2441000000.0,1987000000.0,2716000000.0,699000000.0,2017000000.0,,,,,,,,,,,,,,,,,,,,,,,,,,,,,,,,,,,,
2010-08-01,1093020000000.0,35142990000.0,319500000000.0,238924000000.0,211887000000.0,376000000.0,-80200000000.0,,7.6,9672303882.66,53551774.425000004,563625247.87,-631167667.2310001,492265958.65,-268000000.0,17500279513.0,12802000000.0,4307000000.0,4113000000.0,167000000.0,269000000.0,8318000000.0,176000000.0,0.0,1292000000.0,152000000.0,574000000.0,2248000000.0,9000000.0,25000000.0,103000000.0,4462000000.0,1185000000.0,2625000000.0,,100000000.0,103000000.0,,,854000000.0,325000000.0,251000000.0,15512000000.0,2381000000.0,1607000000.0,1979000000.0,700000000.0,1279000000.0,,,,,,,,,,,,,,,,,,,,,,,,,,,,,,,,,,,,
2010-09-01,1096811000000.0,45421125000.0,319500000000.0,238924000000.0,211887000000.0,376000000.0,-80200000000.0,,7.5,9487025265.22,2391545907.86,362706669.69,8373284413.13,600021503.16,3558000000.0,20609377882.0,17088000000.0,9190000000.0,4047000000.0,228000000.0,160000000.0,7881000000.0,17000000.0,3383000000.0,1561000000.0,153000000.0,573000000.0,0.0,13000000.0,34000000.0,26000000.0,4008000000.0,1050000000.0,2351000000.0,,72000000.0,128000000.0,,,769000000.0,789000000.0,704000000.0,14797000000.0,2060000000.0,1530000000.0,1672000000.0,614000000.0,1058000000.0,110625000000.0,17111000000.0,6270666666.666667,10928666666.666666,35534000000.0,-19274333333.333332,91350666666.66667,79514333333.33333,34872333333.333336,44641999999.99999,16811000000.0,41314000.0,36788000.0,221666666666.66666,56700666666.666664,108733333333.33333,4985667733.333333,122111000000.0,42832666666.666664,43175000000.0,87979000000.0,76419000000.0,24282000000.0,20360000000.0,764666666.6666666,2477333333.3333335,4403666666.666667,12372000000.0,4817333333.333333,1438666666.6666667,380410300000.0,376635000000.0,20412333333.333332,20697000000.0,14016000000.0,17700666666.666668
2010-10-01,1089721000000.0,33882755000.0,319500000000.0,238924000000.0,211887000000.0,376000000.0,-80200000000.0,,7.4,9694959888.65,-1055228383.0200001,485647543.78000003,-449628501.71,568233024.26,-191000000.0,18812266852.0,12076000000.0,3822000000.0,4112000000.0,215000000.0,214000000.0,8130000000.0,124000000.0,0.0,1560000000.0,153000000.0,573000000.0,0.0,6000000.0,15000000.0,707000000.0,4418000000.0,1287000000.0,2598000000.0,,116000000.0,255000000.0,,,1295000000.0,2574000000.0,2512000000.0,14793000000.0,2533000000.0,1734000000.0,2610000000.0,704000000.0,1906000000.0,,,,,,,,,,,,,,,,,,,,,,,,,,,,,,,,,,,,
2010-11-01,1106568000000.0,35111724000.0,319500000000.0,238924000000.0,211887000000.0,376000000.0,-80200000000.0,,7.4,9566360308.229,-296595229.80799997,562055255.58,-801244498.39,568652367.64,-340000000.0,17413436129.0,13074000000.0,4055000000.0,4133000000.0,164000000.0,247000000.0,8829000000.0,190000000.0,-21000000.0,1632000000.0,160000000.0,573000000.0,2248000000.0,210000000.0,13000000.0,87000000.0,4969000000.0,1611000000.0,3004000000.0,,153000000.0,158000000.0,,,1137000000.0,236000000.0,152000000.0,15476000000.0,2680000000.0,2133000000.0,2667000000.0,838000000.0,1829000000.0,,,,,,,,,,,,,,,,,,,,,,,,,,,,,,,,,,,,
2010-12-01,1105505000000.0,68024338000.0,319500000000.0,238924000000.0,211887000000.0,376000000.0,-80200000000.0,,7.4,17496135317.54,6024164407.66,706656177.96,9273962887.1,1661052305.86,3942000000.0,41838240689.0,25806000000.0,16945000000.0,9057000000.0,622000000.0,311000000.0,8568000000.0,294000000.0,3170000000.0,1635000000.0,144000000.0,573000000.0,0.0,11000000.0,68000000.0,246000000.0,5639000000.0,2265000000.0,3059000000.0,,248000000.0,501000000.0,,,1963000000.0,727000000.0,631000000.0,15389000000.0,1467000000.0,3438000000.0,4714000000.0,1712000000.0,3002000000.0,107489000000.0,19532000000.0,6433000000.0,13379333333.333334,35484000000.0,-4304000000.0,103185000000.0,89316666666.66667,38261333333.333336,51055333333.333336,17152333333.333334,41515000.0,36997000.0,227076666666.66666,52067333333.333336,121541000000.0,5059175333.333333,123299000000.0,42946666666.666664,43883333333.333336,89795000000.0,77906000000.0,24691333333.333332,26364000000.0,914666666.6666666,3063333333.3333335,4068333333.3333335,2792333333.3333335,5727000000.0,2003666666.6666667,512259900000.0,515121300000.0,22105666666.666668,20629000000.0,15686666666.666666,17655333333.333332
2011-01-01,1069186000000.0,38011384000.0,305800000000.0,257024000000.0,229164000000.0,376000000.0,-48400000000.0,,7.4,11929213363.724998,-1860524387.126,2404088062.37,357685597.501,4361108684.67,152000000.0,17244911679.0,14179000000.0,5864000000.0,3473000000.0,2112000000.0,1058000000.0,8355000000.0,-40000000.0,0.0,1615000000.0,150000000.0,582000000.0,0.0,22000000.0,19000000.0,237000000.0,5654000000.0,1141000000.0,3409000000.0,,120000000.0,141000000.0,,,1005000000.0,12339000000.0,12241000000.0,23096000000.0,3164000000.0,1596000000.0,2248000000.0,166000000.0,2082000000.0,,,,,,,,,,,,,,,,,,,,,,,,,,,,,,,,,,,,
2011-02-01,1079342000000.0,39529545000.0,305800000000.0,257024000000.0,229164000000.0,376000000.0,-48400000000.0,,7.3,10460086379.086,104646945.246,591659785.16,-462283452.408,419722745.18,-196000000.0,16766720273.000004,14950000000.0,4615000000.0,4399000000.0,99000000.0,260000000.0,10211000000.0,123000000.0,0.0,4364000000.0,405000000.0,581000000.0,2248000000.0,168000000.0,13000000.0,80000000.0,3948000000.0,866000000.0,2199000000.0,,94000000.0,82000000.0,,,390000000.0,843000000.0,772000000.0,15871000000.0,2407000000.0,1237000000.0,922000000.0,197000000.0,724000000.0,,,,,,,,,,,,,,,,,,,,,,,,,,,,,,,,,,,,
2011-03-01,1080971000000.0,45589880000.0,305800000000.0,257024000000.0,229164000000.0,376000000.0,-48400000000.0,,7.2,10088455272.085,4241050311.725,523376638.96000004,6859472659.7699995,764437587.31,2915000000.0,24430108984.999996,16839000000.0,9875000000.0,4274000000.0,335000000.0,230000000.0,6962000000.0,3000000.0,2996000000.0,969000000.0,91000000.0,582000000.0,0.0,2212000000.0,31000000.0,303000000.0,3806000000.0,1180000000.0,2274000000.0,,81000000.0,123000000.0,,,591000000.0,-908000000.0,-974000000.0,16364000000.0,2246000000.0,1383000000.0,1262000000.0,340000000.0,923000000.0,102102333333.33333,17684333333.333332,4432000000.0,10609000000.0,36238666666.666664,-3970333333.3333335,98132000000.0,85166333333.33333,34980666666.666664,50185666666.666664,17096333333.333334,41038000.0,36505000.0,224763333333.33334,60823000000.0,107244666666.66667,5037209466.666667,123892666666.66667,43223000000.00001,48110000000.0,93358666666.66667,82346333333.33333,25879666666.666668,24306000000.0,1017000000.0,3047000000.0,5186333333.333333,2439666666.6666665,5466333333.333333,2377333333.3333335,127087200000.0,127252000000.0,20268000000.0,20729333333.333332,13869333333.333334,17725333333.333332
2011-04-01,1080436000000.0,38465778000.0,305800000000.0,257024000000.0,229164000000.0,376000000.0,-48400000000.0,,7.1,11373863691.701,-961007694.0699999,615579299.51,508741401.967,2620208299.66,216000000.0,21705076634.0,13981000000.0,6095000000.0,4843000000.0,1246000000.0,271000000.0,7675000000.0,210000000.0,0.0,808000000.0,75000000.0,582000000.0,0.0,8000000.0,16000000.0,736000000.0,4058000000.0,1416000000.0,2338000000.0,,79000000.0,174000000.0,,,942000000.0,4847000000.0,4779000000.0,14662000000.0,2234000000.0,1484000000.0,1894000000.0,388000000.0,1507000000.0,,,,,,,,,,,,,,,,,,,,,,,,,,,,,,,,,,,,
2011-05-01,1095350000000.0,42066955000.0,305800000000.0,257024000000.0,229164000000.0,376000000.0,-48400000000.0,,7.1,10616039758.602001,11471840.724,517190995.99,253911709.401,4575180476.41,108000000.0,22208116272.0,16001000000.0,7056000000.0,4494000000.0,2220000000.0,228000000.0,8784000000.0,161000000.0,0.0,1131000000.0,105000000.0,581000000.0,2248000000.0,963000000.0,16000000.0,55000000.0,3835000000.0,1090000000.0,2386000000.0,,89000000.0,121000000.0,,,846000000.0,-199000000.0,-273000000.0,15422000000.0,2333000000.0,1468000000.0,1452000000.0,608000000.0,843000000.0,,,,,,,,,,,,,,,,,,,,,,,,,,,,,,,,,,,,
2011-06-01,1091490000000.0,53193819000.0,305800000000.0,257024000000.0,229164000000.0,376000000.0,-48400000000.0,,7.0,12154096154.971,5164173701.511001,353835659.49,8603036730.574001,1471883016.8999999,3657000000.0,25624739996.0,20641000000.0,12241000000.0,5174000000.0,673000000.0,156000000.0,8400000000.0,1000000.0,3108000000.0,969000000.0,90000000.0,582000000.0,0.0,229000000.0,30000000.0,-135000000.0,4245000000.0,1222000000.0,2527000000.0,,79000000.0,116000000.0,,,747000000.0,410000000.0,346000000.0,14883000000.0,2298000000.0,1716000000.0,1557000000.0,565000000.0,993000000.0,101273000000.0,17577000000.0,5844000000.0,11012000000.0,35160666666.666664,1844666666.6666667,103117666666.66667,89845000000.00002,36634666666.666664,53210333333.333336,17289333333.333332,41471000.0,36942000.0,224576666666.66666,51314333333.333336,112385333333.33333,4667685600.0,125104000000.0,43593666666.666664,48801000000.0,94738666666.66667,84746000000.0,25488333333.333332,27722000000.0,684333333.3333334,2600333333.3333335,4134333333.3333335,1804333333.3333333,5934333333.333333,2600666666.6666665,253469300000.0,257575200000.0,21150666666.666668,20686000000.0,14769000000.0,17640000000.0
2011-07-01,1081618000000.0,39709002000.0,305800000000.0,257024000000.0,229164000000.0,376000000.0,-48400000000.0,,7.0,12439607985.858002,-211350787.534,481354988.72,-747166002.87,1361273694.8200002,-318000000.0,22554898291.0,13824000000.0,5760000000.0,5288000000.0,624000000.0,271000000.0,7845000000.0,219000000.0,0.0,1455000000.0,135000000.0,582000000.0,0.0,12000000.0,131000000.0,1525000000.0,4954000000.0,1677000000.0,2746000000.0,,100000000.0,265000000.0,,,1154000000.0,12257000000.0,12187000000.0,15610000000.0,2329000000.0,1857000000.0,2940000000.0,632000000.0,2306000000.0,,,,,,,,,,,,,,,,,,,,,,,,,,,,,,,,,,,,
2011-08-01,1091792000000.0,36562389000.0,305800000000.0,257024000000.0,229164000000.0,376000000.0,-48400000000.0,,7.0,10750147978.175,-105534673.215,598810310.54,-709020558.0139999,485977119.38,-301000000.0,19375725367.0,13431000000.0,4630000000.0,4513000000.0,189000000.0,282000000.0,8637000000.0,164000000.0,0.0,1000000000.0,150000000.0,581000000.0,2248000000.0,41000000.0,45000000.0,274000000.0,4566000000.0,1109000000.0,2589000000.0,,120000000.0,124000000.0,,,950000000.0,202000000.0,139000000.0,14898000000.0,2283000000.0,1894000000.0,1884000000.0,705000000.0,1179000000.0,,,,,,,,,,,,,,,,,,,,,,,,,,,,,,,,,,,,
2011-09-01,1087418000000.0,48749962000.0,305800000000.0,257024000000.0,229164000000.0,376000000.0,-48400000000.0,,6.9,10400167216.53,3344642085.136,233224626.88,8567405279.503001,748529064.13,3641000000.0,22995887911.0,18620000000.0,10200000000.0,4429000000.0,354000000.0,102000000.0,8420000000.0,0.0,3136000000.0,1539000000.0,150000000.0,582000000.0,0.0,14000000.0,85000000.0,72000000.0,4093000000.0,1088000000.0,2416000000.0,,92000000.0,130000000.0,,,824000000.0,669000000.0,611000000.0,14782000000.0,2293000000.0,1658000000.0,1649000000.0,637000000.0,1013000000.0,102094333333.33333,17508000000.0,6238333333.333333,11782333333.333334,35333666666.666664,-4378333333.333333,97716000000.0,84027000000.0,36239000000.0,47788000000.0,17187333333.333332,41774000.0,37237000.0,231680000000.0,61764666666.666664,113295333333.33333,5044713900.0,125782000000.0,43646333333.333336,49042333333.333336,96005000000.0,84641333333.33333,25776666666.666668,22011333333.333336,840333333.3333334,2521333333.3333335,4065333333.3333335,2109000000.0,5435333333.333333,2134333333.3333333,379603500000.0,385690200000.0,20784666666.666668,20948000000.0,14369666666.666666,17780333333.333332
2011-10-01,1076371000000.0,36762560000.0,305800000000.0,257024000000.0,229164000000.0,376000000.0,-48400000000.0,,6.9,10627831849.229,-609860457.1389999,451547246.95,-488996424.17,483961332.52,-208000000.0,21128961780.0,13216000000.0,4378000000.0,4513000000.0,180000000.0,199000000.0,8638000000.0,200000000.0,0.0,1539000000.0,150000000.0,582000000.0,0.0,421000000.0,23000000.0,815000000.0,4174000000.0,1436000000.0,2661000000.0,,97000000.0,240000000.0,,,1199000000.0,2307000000.0,2065000000.0,14494000000.0,2227000000.0,1901000000.0,2440000000.0,626000000.0,1815000000.0,,,,,,,,,,,,,,,,,,,,,,,,,,,,,,,,,,,,
2011-11-01,1088595000000.0,37797755000.0,305800000000.0,257024000000.0,229164000000.0,376000000.0,-48400000000.0,,6.8,10503721528.723,211870861.36499998,568821739.5600001,-664118946.0680001,637284476.25,-282000000.0,19542594331.0,14388000000.0,4951000000.0,4646000000.0,231000000.0,250000000.0,9284000000.0,152000000.0,0.0,1485000000.0,217000000.0,581000000.0,2248000000.0,285000000.0,16000000.0,-26000000.0,4834000000.0,1740000000.0,2752000000.0,,149000000.0,153000000.0,,,1085000000.0,518000000.0,446000000.0,15471000000.0,2579000000.0,1947000000.0,2354000000.0,780000000.0,1573000000.0,,,,,,,,,,,,,,,,,,,,,,,,,,,,,,,,,,,,
2011-12-01,1075664000000.0,70816786000.0,305800000000.0,257024000000.0,229164000000.0,376000000.0,-48400000000.0,,6.8,18406081262.771,6304489904.628,503053693.55,9917045999.859,1748084913.73,4215000000.0,44942588421.0,26838000000.0,17823000000.0,9429000000.0,805000000.0,222000000.0,8688000000.0,327000000.0,2870000000.0,1129000000.0,172000000.0,582000000.0,0.0,596000000.0,58000000.0,1331000000.0,6240000000.0,2121000000.0,3413000000.0,,235000000.0,364000000.0,,,1912000000.0,540000000.0,461000000.0,12001000000.0,1463000000.0,3805000000.0,4776000000.0,1531000000.0,3244000000.0,109218000000.0,20010666666.666668,6567000000.0,13737000000.0,35024000000.0,-1187333333.3333333,108030666666.66667,93596666666.66667,39686333333.333336,53910333333.333336,17624666666.666668,41998000.0,37471000.0,234616666666.66666,53944666666.666664,126393666666.66667,5026391233.333333,126748666666.66667,44010666666.66667,48631000000.0,95653333333.33333,84224666666.66667,25945333333.333332,27965000000.0,937000000.0,3155333333.3333335,4152000000.0,3262333333.3333335,5824000000.0,2145333333.3333333,511943100000.0,526228300000.00006,22582666666.666668,20941000000.0,16130333333.333334,17790333333.333332
2012-01-01,1074610000000.0,39503921000.0,306200000000.0,279737000000.0,249189000000.0,-363000000.0,-26100000000.0,,6.8,12206468265.349,325492818.244,2434387874.28,507253035.42700005,2965039104.33,216000000.0,18162195958.0,14791000000.0,6395000000.0,3587000000.0,1358000000.0,1071000000.0,8411000000.0,-15000000.0,0.0,1462000000.0,161000000.0,590000000.0,0.0,21000000.0,27000000.0,261000000.0,5916000000.0,1193000000.0,3597000000.0,,124000000.0,179000000.0,,,749000000.0,12842000000.0,12750000000.0,23071000000.0,2999000000.0,1851000000.0,1923000000.0,211000000.0,1712000000.0,,,,,,,,,,,,,,,,,,,,,,,,,,,,,,,,,,,,
2012-02-01,1086365000000.0,42252254000.0,306200000000.0,279737000000.0,249189000000.0,-363000000.0,-26100000000.0,,6.8,11200405241.749,-25237029.740999997,586912824.68,-75240352.07599999,594003040.75,-32000000.0,17260532693.0,15725000000.0,5074000000.0,4620000000.0,241000000.0,258000000.0,10610000000.0,41000000.0,0.0,4806000000.0,483000000.0,591000000.0,2248000000.0,67000000.0,7000000.0,68000000.0,4029000000.0,1130000000.0,2260000000.0,,78000000.0,98000000.0,,,418000000.0,-769000000.0,-819000000.0,15770000000.0,2364000000.0,1339000000.0,990000000.0,241000000.0,749000000.0,,,,,,,,,,,,,,,,,,,,,,,,,,,,,,,,,,,,
2012-03-01,1079685000000.0,48867100000.0,312700000000.0,277537000000.0,249689000000.0,-363000000.0,-34800000000.0,,6.8,10698847648.411,5170565415.658,444190221.52000004,8024214358.162,1986571982.1599998,3411000000.0,23189874739.0,18806000000.0,11665000000.0,4536000000.0,937000000.0,196000000.0,7105000000.0,37000000.0,2812000000.0,1622000000.0,161000000.0,590000000.0,0.0,655000000.0,21000000.0,198000000.0,4112000000.0,1083000000.0,2543000000.0,,88000000.0,138000000.0,,,589000000.0,159000000.0,111000000.0,15106000000.0,2235000000.0,1809000000.0,1058000000.0,318000000.0,740000000.0,103035333333.33333,17785666666.666668,4418000000.0,11052666666.666666,36454000000.0,-1718333333.3333333,101317000000.0,88579000000.00002,35887666666.666664,52691333333.333336,17611000000.0,41574000.0,37039000.0,231490000000.0,61430666666.666664,111419666666.66667,5069556000.0,128005000000.0,44304000000.0,46175000000.0,98683666666.66667,85564000000.0,26625666666.666668,26065666666.666668,823333333.3333334,3092333333.3333335,5468333333.333334,2059333333.3333333,5188333333.333333,1956000000.0,128601900000.0,129404900000.0,20679333333.333332,20961000000.0,14137000000.0,17915666666.666668
2012-04-01,1079372000000.0,40171965000.0,312700000000.0,277537000000.0,249689000000.0,-363000000.0,-34800000000.0,,6.9,12124032706.033998,-288079252.83900005,617295698.77,714146246.099,1049614376.4599999,303000000.0,22761780429.0,14332000000.0,6056000000.0,5161000000.0,478000000.0,271000000.0,8071000000.0,204000000.0,0.0,1623000000.0,161000000.0,591000000.0,0.0,778000000.0,38000000.0,676000000.0,4148000000.0,1645000000.0,2379000000.0,,98000000.0,170000000.0,,,1007000000.0,4608000000.0,4572000000.0,15383000000.0,2174000000.0,1443000000.0,1903000000.0,408000000.0,1495000000.0,,,,,,,,,,,,,,,,,,,,,,,,,,,,,,,,,,,,
2012-05-01,1095604000000.0,40256242000.0,312700000000.0,280237000000.0,252223000000.0,-363000000.0,-32100000000.0,,6.8,10946176179.375,77521705.265,525890770.08000004,132059340.138,2078531579.98,56000000.0,20316401741.0,14991000000.0,5829000000.0,4619000000.0,885000000.0,232000000.0,8997000000.0,166000000.0,0.0,1460000000.0,145000000.0,590000000.0,2248000000.0,537000000.0,5000000.0,56000000.0,3774000000.0,1459000000.0,2162000000.0,,99000000.0,150000000.0,,,780000000.0,-1019000000.0,-1078000000.0,14926000000.0,2233000000.0,1416000000.0,1517000000.0,539000000.0,978000000.0,,,,,,,,,,,,,,,,,,,,,,,,,,,,,,,,,,,,
2012-06-01,1091161000000.0,57169002000.0,312700000000.0,280237000000.0,252223000000.0,-363000000.0,-32100000000.0,,6.8,13077458785.975,5235402811.068,338371211.94,9163439913.108,4204430910.4500003,3894000000.0,28050004388.0,21869000000.0,14047000000.0,5555000000.0,1830000000.0,149000000.0,7821000000.0,0.0,2859000000.0,811000000.0,80000000.0,590000000.0,0.0,460000000.0,9000000.0,92000000.0,4375000000.0,1090000000.0,2688000000.0,,100000000.0,120000000.0,,,771000000.0,483000000.0,308000000.0,14596000000.0,2298000000.0,1943000000.0,1597000000.0,616000000.0,981000000.0,102871000000.0,17844000000.0,5592666666.666666,11379000000.0,35599666666.666664,3148000000.0,106019000000.0,92373333333.33333,37653666666.666664,54719666666.666664,17694000000.0,41981000.0,37453000.0,228410000000.0,49128666666.666664,117089000000.0,4642325300.0,128385333333.33333,44816333333.333336,45236666666.66667,99890000000.0,85771000000.0,25767000000.0,28952666666.666668,844000000.0,2806333333.3333335,4705333333.333333,1815000000.0,5528666666.666666,2560000000.0,257064500000.0,261988000000.0,21573666666.666668,20961666666.666668,15106000000.0,17844000000.0
2012-07-01,1081212000000.0,43134263000.0,312700000000.0,280237000000.0,252223000000.0,-363000000.0,-32100000000.0,,6.8,13456078266.617,189554141.324,425159169.83000004,-487476383.918,2846677683.77,-207000000.0,24216158498.0,15258000000.0,7391000000.0,5730000000.0,1512000000.0,261000000.0,7623000000.0,245000000.0,0.0,811000000.0,81000000.0,591000000.0,0.0,520000000.0,37000000.0,633000000.0,4720000000.0,1803000000.0,3096000000.0,,131000000.0,272000000.0,,,1399000000.0,12362000000.0,12285000000.0,16849000000.0,2515000000.0,2169000000.0,2424000000.0,771000000.0,1652000000.0,,,,,,,,,,,,,,,,,,,,,,,,,,,,,,,,,,,,
2012-08-01,1093945000000.0,41256651000.0,312700000000.0,280237000000.0,252223000000.0,-363000000.0,-32100000000.0,,6.8,11938166189.084002,316603622.54,655409387.34,-300531608.436,1844757979.92,-127000000.0,21161132795.0,15430000000.0,6361000000.0,5069000000.0,955000000.0,307000000.0,8902000000.0,166000000.0,0.0,1394000000.0,160000000.0,590000000.0,2248000000.0,26000000.0,58000000.0,90000000.0,4697000000.0,1253000000.0,2621000000.0,,105000000.0,105000000.0,,,989000000.0,-523000000.0,-607000000.0,14958000000.0,2461000000.0,1791000000.0,1929000000.0,771000000.0,1159000000.0,,,,,,,,,,,,,,,,,,,,,,,,,,,,,,,,,,,,
2012-09-01,1089668000000.0,50779226000.0,312500000000.0,280037000000.0,252223000000.0,-363000000.0,-32100000000.0,,6.8,11187436450.323,2025847442.4699998,390676626.60999995,9665073976.144999,1066613368.86,4108000000.0,24069868361.0,19483000000.0,10557000000.0,4747000000.0,517000000.0,172000000.0,8926000000.0,0.0,2824000000.0,1597000000.0,161000000.0,590000000.0,0.0,32000000.0,17000000.0,275000000.0,3989000000.0,1105000000.0,2562000000.0,,125000000.0,106000000.0,,,793000000.0,879000000.0,829000000.0,14119000000.0,2359000000.0,1461000000.0,1749000000.0,640000000.0,1108000000.0,103834000000.0,17898666666.666668,6162333333.333333,11916333333.333334,36023333333.333336,-1337000000.0,102497000000.0,88476999999.99998,37272333333.333336,51204666666.666664,17679666666.666668,42252000.0,37722000.0,235333333333.33334,58168333333.333336,117834333333.33333,5013968733.333333,129288000000.0,45041333333.333336,44889000000.0,101234000000.0,85894666666.66667,26316666666.666668,24888000000.0,960000000.0,2692666666.6666665,3933333333.3333335,2493333333.3333335,5119666666.666667,2243333333.3333335,386709700000.0,392764300000.0,21223000000.0,21425000000.0,14729333333.333334,18262666666.666668
2012-10-01,1088616000000.0,37665160000.0,311600000000.0,283137000000.0,256156000000.0,-363000000.0,-28100000000.0,,6.8,11337654041.509,-1162218112.714,491183802.74,-191632941.491,920395151.82,-82000000.0,21396647942.0,13196000000.0,4734000000.0,4797000000.0,383000000.0,216000000.0,8244000000.0,218000000.0,0.0,1277000000.0,131000000.0,591000000.0,0.0,510000000.0,6000000.0,661000000.0,13317000000.0,1755000000.0,2863000000.0,,108000000.0,241000000.0,,,1463000000.0,1934000000.0,1666000000.0,15102000000.0,2317000000.0,2217000000.0,11293000000.0,825000000.0,10469000000.0,,,,,,,,,,,,,,,,,,,,,,,,,,,,,,,,,,,,
2012-11-01,1108937000000.0,37980412000.0,311600000000.0,283137000000.0,256156000000.0,-363000000.0,-28100000000.0,,6.8,11320147591.416,-607263841.986,550960094.7,-623673401.944,584910012.1,-264000000.0,19492102298.0,14043000000.0,4599000000.0,4781000000.0,145000000.0,243000000.0,9268000000.0,176000000.0,0.0,958000000.0,97000000.0,590000000.0,2248000000.0,21000000.0,0.0,-45000000.0,5250000000.0,1889000000.0,3116000000.0,,139000000.0,166000000.0,,,1260000000.0,595000000.0,525000000.0,15376000000.0,2631000000.0,2395000000.0,2517000000.0,922000000.0,1595000000.0,,,,,,,,,,,,,,,,,,,,,,,,,,,,,,,,,,,,
2012-12-01,1095533000000.0,72748753000.0,311600000000.0,283137000000.0,256156000000.0,-363000000.0,-28100000000.0,,6.9,19571741585.510998,5705821228.62,561974859.75,10734769323.018,1759971120.47,4562000000.0,43879261942.0,27919000000.0,18384000000.0,9934000000.0,787000000.0,247000000.0,9187000000.0,349000000.0,3126000000.0,2005000000.0,206000000.0,591000000.0,0.0,933000000.0,38000000.0,2218000000.0,8215000000.0,2263000000.0,3360000000.0,,203000000.0,344000000.0,,,1892000000.0,14000000.0,-55000000.0,12478000000.0,1460000000.0,3869000000.0,7424000000.0,1498000000.0,5926000000.0,111095333333.33333,20608333333.333332,6698000000.0,14151666666.666666,35812000000.0,-599666666.6666666,110495666666.66667,96104000000.0,40714333333.333336,55389666666.666664,17920000000.0,42454000.0,37938000.0,237860000000.0,49706000000.0,131372000000.0,4988553700.0,129533666666.66667,45461666666.666664,45688000000.0,99488666666.66667,85355666666.66667,26498333333.333332,28891333333.333332,1081333333.3333333,3135333333.3333335,4322000000.0,3015333333.3333335,5558333333.333333,2020333333.3333333,520655200000.0,536540800000.00006,22885333333.333332,21420666666.666668,16445666666.666666,18227666666.666668
2013-01-01,1094479000000.0,40204096000.0,302000000000.0,284590000000.0,260611000000.0,310000000.0,17100000000.0,,6.9,13296614750.112999,677802679.934,2550603247.29,713403532.7210001,1554055190.85,304000000.0,17690324226.0,14781000000.0,6527000000.0,4031000000.0,731000000.0,1122000000.0,8258000000.0,-5000000.0,0.0,3056000000.0,222000000.0,599000000.0,0.0,21000000.0,15000000.0,920000000.0,5826000000.0,1287000000.0,2980000000.0,17840000000.0,151000000.0,156000000.0,30000000.0,119000000.0,987000000.0,11141000000.0,10838000000.0,20408000000.0,3132000000.0,1233000000.0,1816000000.0,231000000.0,1585000000.0,,,,,,,,,,,,,,,,,,,,,,,,,,,,,,,,,,,,
2013-02-01,1109054000000.0,43187625000.0,302000000000.0,284590000000.0,260611000000.0,310000000.0,17100000000.0,,6.9,11859224284.002,2041539.631,613327463.99,-78857887.475,635252398.28,-36000000.0,17987922970.0,16051000000.0,5522000000.0,5016000000.0,271000000.0,270000000.0,10486000000.0,44000000.0,0.0,4461000000.0,462000000.0,599000000.0,2248000000.0,14000000.0,4000000.0,92000000.0,5548000000.0,1109000000.0,2449000000.0,11667000000.0,100000000.0,149000000.0,26000000.0,1222000000.0,723000000.0,1462000000.0,865000000.0,16333000000.0,2375000000.0,1477000000.0,915000000.0,215000000.0,701000000.0,,,,,,,,,,,,,,,,,,,,,,,,,,,,,,,,,,,,
2013-03-01,1103920000000.0,51668859000.0,302000000000.0,284590000000.0,260611000000.0,310000000.0,17100000000.0,,6.9,11312034087.804,5334303571.688,414145447.89,10115194073.131,1057170010.09,4299000000.0,24773456226.0,19939000000.0,12458000000.0,4805000000.0,504000000.0,182000000.0,7482000000.0,0.0,2448000000.0,1693000000.0,171000000.0,600000000.0,0.0,672000000.0,12000000.0,274000000.0,4487000000.0,1521000000.0,2376000000.0,12423000000.0,101000000.0,148000000.0,35000000.0,142000000.0,772000000.0,687000000.0,168000000.0,15054000000.0,2330000000.0,1634000000.0,1074000000.0,264000000.0,809000000.0,105604333333.33333,18223666666.666668,3833000000.0,11532666666.666666,37228000000.0,-2417000000.0,103187333333.33333,90781666666.66667,36772666666.666664,54009000000.0,18452000000.0,41948000.0,37432000.0,232663333333.33334,57078666666.666664,114884666666.66667,4953169300.0,129826666666.66667,46289333333.333336,45769666666.666664,98841000000.0,85302333333.33333,27029666666.666668,26979333333.333332,721666666.6666666,3349333333.3333335,6132000000.0,2589333333.3333335,4364000000.0,1733666666.6666667,132722500000.0,129060600000.0,20737000000.0,21397666666.666668,14259666666.666666,18313333333.333332
2013-04-01,1088568000000.0,40351008000.0,302000000000.0,284590000000.0,260611000000.0,310000000.0,17100000000.0,,7.0,12783053250.323,115591807.751,575229439.89,842544789.035,1529762497.48,358000000.0,22824650685.0,14515000000.0,6806000000.0,5433000000.0,705000000.0,253000000.0,7470000000.0,237000000.0,0.0,1693000000.0,170000000.0,599000000.0,0.0,1235000000.0,8000000.0,703000000.0,5254000000.0,1811000000.0,2869000000.0,11929000000.0,109000000.0,246000000.0,37000000.0,190000000.0,1225000000.0,4110000000.0,3554000000.0,15176000000.0,2312000000.0,2035000000.0,1721000000.0,353000000.0,1368000000.0,,,,,,,,,,,,,,,,,,,,,,,,,,,,,,,,,,,,
2013-05-01,1108063000000.0,42448762000.0,302000000000.0,284590000000.0,260611000000.0,310000000.0,17100000000.0,,6.9,11827068041.536,-377746940.619,454146924.24,427589658.72,2989733375.8,181000000.0,20626306344.0,15899000000.0,6444000000.0,5015000000.0,1236000000.0,200000000.0,9294000000.0,161000000.0,0.0,1693000000.0,171000000.0,599000000.0,2248000000.0,171000000.0,3000000.0,74000000.0,8940000000.0,1236000000.0,2249000000.0,12044000000.0,109000000.0,149000000.0,43000000.0,165000000.0,984000000.0,565000000.0,-247000000.0,15016000000.0,2317000000.0,1526000000.0,5556000000.0,456000000.0,5100000000.0,,,,,,,,,,,,,,,,,,,,,,,,,,,,,,,,,,,,
2013-06-01,1106926000000.0,59650249000.0,310000000000.0,284590000000.0,260611000000.0,310000000.0,17100000000.0,,6.8,14216408920.402,5689552003.391001,591422345.7299999,9813692747.796001,3203117963.48,4171000000.0,28336007244.000015,23244000000.0,14843000000.0,6033000000.0,1534000000.0,261000000.0,8401000000.0,1000000.0,2869000000.0,1693000000.0,171000000.0,599000000.0,0.0,498000000.0,4000000.0,88000000.0,4994000000.0,1647000000.0,2647000000.0,12394000000.0,108000000.0,131000000.0,48000000.0,260000000.0,1091000000.0,1169000000.0,598000000.0,15212000000.0,2438000000.0,1812000000.0,1747000000.0,623000000.0,1124000000.0,106093333333.33333,18332666666.666668,5820000000.0,11934333333.333334,36538666666.666664,4484000000.0,110577333333.33333,96166000000.0,38552666666.666664,57613333333.333336,18601333333.333332,42288000.0,37784000.0,235366666666.66666,51482333333.333336,120370000000.0,4670483533.333333,130962000000.0,46454666666.666664,47745666666.666664,98968666666.66667,85607666666.66666,27052333333.333332,30561000000.0,876000000.0,3048666666.6666665,5279666666.666667,1964000000.0,4674000000.0,2630333333.3333335,265652800000.0,262622500000.0,21583666666.666668,21396000000.0,15133000000.0,18220000000.0
2013-07-01,1099473000000.0,43957775000.0,310000000000.0,284590000000.0,260611000000.0,310000000.0,17100000000.0,,6.8,13779690026.024,-56798431.543,561228441.99,-337947219.258,2385128624.96,-143000000.0,24082595930.999985,15202000000.0,7246000000.0,5869000000.0,1274000000.0,276000000.0,7710000000.0,245000000.0,0.0,1693000000.0,171000000.0,600000000.0,0.0,717000000.0,38000000.0,904000000.0,5956000000.0,1789000000.0,2664000000.0,12315000000.0,135000000.0,264000000.0,70000000.0,283000000.0,1714000000.0,12602000000.0,12046000000.0,16051000000.0,2367000000.0,2015000000.0,2532000000.0,737000000.0,1795000000.0,,,,,,,,,,,,,,,,,,,,,,,,,,,,,,,,,,,,
2013-08-01,1111409000000.0,40252599000.0,310000000000.0,284590000000.0,260611000000.0,310000000.0,17100000000.0,,6.8,12354720667.631,-555222632.218,510833562.21,-398483069.446,1057898200.9399999,-169000000.0,19981094765.0,15175000000.0,5762000000.0,5279000000.0,621000000.0,307000000.0,9240000000.0,175000000.0,0.0,1714000000.0,171000000.0,599000000.0,2248000000.0,10000000.0,17000000.0,82000000.0,5265000000.0,1322000000.0,2538000000.0,11973000000.0,123000000.0,129000000.0,45000000.0,230000000.0,1288000000.0,674000000.0,119000000.0,14932000000.0,2340000000.0,1717000000.0,1875000000.0,759000000.0,1115000000.0,,,,,,,,,,,,,,,,,,,,,,,,,,,,,,,,,,,,
2013-09-01,1108058000000.0,54747684000.0,310000000000.0,284590000000.0,260611000000.0,310000000.0,17100000000.0,,6.8,11873263370.931,3921164874.941,377426273.5,10551510380.083,771914021.6899999,4484000000.0,25782267682.0,20971000000.0,12002000000.0,5037000000.0,354000000.0,167000000.0,8967000000.0,0.0,2708000000.0,1695000000.0,171000000.0,599000000.0,0.0,12000000.0,68000000.0,34000000.0,4950000000.0,943000000.0,2549000000.0,12189000000.0,151000000.0,139000000.0,62000000.0,195000000.0,1299000000.0,1593000000.0,1012000000.0,14787000000.0,2424000000.0,1607000000.0,1650000000.0,750000000.0,900000000.0,106372333333.33333,18387666666.666668,6477666666.666667,12446000000.0,36640000000.0,-1573000000.0,104799333333.33333,91113333333.33333,38027666666.666664,53085666666.666664,18825666666.666668,42544000.0,38044000.0,242673333333.33334,59281333333.333336,121404000000.0,5073701433.333333,131990000000.0,47192000000.0,48075000000.0,100228666666.66667,86582666666.66667,27487333333.333332,25598333333.333332,791333333.3333334,2865666666.6666665,4878000000.0,1866000000.0,4077666666.6666665,1781333333.3333333,398630700000.0,394674800000.0,21203333333.333332,21591666666.666668,14731333333.333334,18389666666.666668
2013-10-01,1106607000000.0,39051236000.0,310000000000.0,284590000000.0,260611000000.0,310000000.0,17100000000.0,,6.8,12094643424.191,-1099863412.916,497109394.51,-284071450.579,768753751.9799999,-120000000.0,21683074124.0,13862000000.0,5023000000.0,5124000000.0,351000000.0,218000000.0,8616000000.0,225000000.0,25000000.0,2033000000.0,85000000.0,599000000.0,0.0,714000000.0,6000000.0,712000000.0,5090000000.0,1970000000.0,2643000000.0,12818000000.0,121000000.0,227000000.0,122000000.0,214000000.0,2068000000.0,9800000000.0,1249000000.0,23673000000.0,2379000000.0,2003000000.0,3017000000.0,927000000.0,2091000000.0,,,,,,,,,,,,,,,,,,,,,,,,,,,,,,,,,,,,
2013-11-01,1122396000000.0,39479267000.0,310000000000.0,284590000000.0,260611000000.0,310000000.0,17100000000.0,,6.9,12045834580.685001,-350504019.40599996,588820342.63,-601786893.8939999,750178348.67,-255000000.0,21254492538.0,14540000000.0,5232000000.0,5112000000.0,291000000.0,259000000.0,9154000000.0,152000000.0,0.0,0.0,0.0,600000000.0,2248000000.0,35000000.0,4000000.0,-56000000.0,10114000000.0,1557000000.0,3000000000.0,11273000000.0,192000000.0,203000000.0,110000000.0,317000000.0,1622000000.0,907000000.0,455000000.0,14177000000.0,2677000000.0,2091000000.0,6854000000.0,983000000.0,5871000000.0,,,,,,,,,,,,,,,,,,,,,,,,,,,,,,,,,,,,
2013-12-01,1113586000000.0,75248385875.686,310000000000.0,284590000000.0,260611000000.0,310000000.0,25100000000.0,,6.8,20755523575.920998,6207285246.769,675042412.5400001,11516719581.696,1609682710.5,4895000000.0,40429923568.0,29020000000.0,19475000000.0,10420000000.0,759000000.0,297000000.0,9205000000.0,340000000.0,2742000000.0,3363000000.0,118000000.0,599000000.0,0.0,787000000.0,12000000.0,2151000000.0,6223000000.0,2492000000.0,3305000000.0,6841000000.0,233000000.0,363000000.0,276000000.0,563000000.0,2633000000.0,1307000000.0,645000000.0,9962000000.0,1484000000.0,4002000000.0,4720000000.0,1597000000.0,3123000000.0,113463333333.33333,21220000000.0,7054333333.333333,14705666666.666666,36297666666.666664,676666666.6666666,114140000000.0,99179666666.66667,41768000000.0,57411666666.666664,19156666666.666668,42732000.0,38246000.0,244790000000.0,50973000000.0,135372000000.0,5018781300.0,131663333333.33333,47389000000.0,47896666666.666664,101935666666.66667,86658333333.33334,27086666666.666668,30325000000.0,1117000000.0,3272000000.0,4952000000.0,2734333333.333333,4185000000.0,1888000000.0,533681900000.0,538372500000.0,23167666666.666668,21618333333.333332,16536333333.333334,18369333333.333332
2014-01-01,1111874000000.0,41518057886.062004,310000000000.0,284590000000.0,260611000000.0,310000000.0,25100000000.0,,6.8,14161363868.883001,563002346.779,2243807901.84,859622530.341,1506040768.3600001,365000000.0,18235212841.0,15255000000.0,6730000000.0,4406000000.0,691000000.0,987000000.0,8528000000.0,-3000000.0,0.0,2113000000.0,404000000.0,608000000.0,0.0,38000000.0,3000000.0,79000000.0,6430000000.0,1317000000.0,2932000000.0,18441000000.0,112000000.0,152000000.0,15000000.0,1285000000.0,902000000.0,9861000000.0,9406000000.0,22804000000.0,3095000000.0,1267000000.0,1806000000.0,208000000.0,1598000000.0,,,,,,,,,,,,,,,,,,,,,,,,,,,,,,,,,,,,
2014-02-01,1123587000000.0,43159346810.981995,298500000000.0,291782000000.0,268920000000.0,218000000.0,6500000000.0,,6.8,12709509431.341,-388983534.084,610030211.9399999,-80288976.50299999,708985108.15,-36000000.0,17318878506.0,16373000000.0,5778000000.0,5439000000.0,301000000.0,269000000.0,10551000000.0,43000000.0,0.0,4893000000.0,943000000.0,608000000.0,2248000000.0,11000000.0,4000000.0,54000000.0,4796000000.0,1437000000.0,2274000000.0,12171000000.0,115000000.0,143000000.0,42000000.0,188000000.0,642000000.0,1720000000.0,1075000000.0,15162000000.0,2444000000.0,1342000000.0,1175000000.0,259000000.0,916000000.0,,,,,,,,,,,,,,,,,,,,,,,,,,,,,,,,,,,,
2014-03-01,1118321000000.0,55357594217.725,298500000000.0,291782000000.0,268920000000.0,218000000.0,6500000000.0,,6.8,12164599790.672,5436197052.503,597645869.54,11028376894.771,1272116721.67,4689000000.0,27612066108.0,21264000000.0,13345000000.0,5163000000.0,511000000.0,263000000.0,7920000000.0,1000000.0,2565000000.0,1752000000.0,337000000.0,609000000.0,0.0,2497000000.0,28000000.0,193000000.0,4532000000.0,1066000000.0,2336000000.0,13053000000.0,109000000.0,120000000.0,40000000.0,174000000.0,848000000.0,499000000.0,-96000000.0,15593000000.0,2296000000.0,1611000000.0,996000000.0,358000000.0,639000000.0,107519666666.66667,18878333333.333332,4351333333.333333,11938000000.0,37966000000.0,622000000.0,108141666666.66667,93783666666.66667,38094000000.0,55689666666.666664,19455333333.333332,42322000.0,37838000.0,244326666666.66666,61605000000.0,119771000000.0,5075882633.333333,132671333333.33333,47932000000.0,50794333333.333336,101801000000.0,86721000000.0,27861000000.0,27828666666.666668,744666666.6666666,3339666666.6666665,6371000000.0,1468333333.3333333,3856333333.3333335,3017666666.6666665,136495700000.00002,133312500000.0,21379333333.333332,21538333333.333332,14785000000.0,18422000000.0
2014-04-01,1109708000000.0,41340934264.575,298500000000.0,291782000000.0,268920000000.0,218000000.0,6500000000.0,,6.7,13516904958.564001,-528310951.235,519503652.3,1130653707.063,972276901.45,479000000.0,21730145501.0,14970000000.0,6605000000.0,5748000000.0,413000000.0,228000000.0,8135000000.0,229000000.0,0.0,1751000000.0,337000000.0,608000000.0,0.0,810000000.0,20000000.0,231000000.0,4766000000.0,1738000000.0,2584000000.0,12204000000.0,121000000.0,216000000.0,33000000.0,165000000.0,1222000000.0,2506000000.0,2001000000.0,14998000000.0,2322000000.0,1806000000.0,1727000000.0,473000000.0,1253000000.0,,,,,,,,,,,,,,,,,,,,,,,,,,,,,,,,,,,,
2014-05-01,1123891000000.0,39616870577.387,298500000000.0,291782000000.0,268920000000.0,218000000.0,6500000000.0,,6.7,12371170685.321,61986028.274,474562555.76,273830617.84000003,1452147664.76,117000000.0,18603552774.0,15674000000.0,6170000000.0,5236000000.0,578000000.0,209000000.0,9337000000.0,167000000.0,0.0,1752000000.0,337000000.0,608000000.0,2248000000.0,888000000.0,9000000.0,91000000.0,8908000000.0,1249000000.0,2652000000.0,12260000000.0,121000000.0,146000000.0,32000000.0,156000000.0,1088000000.0,599000000.0,72000000.0,14551000000.0,2304000000.0,1797000000.0,5771000000.0,587000000.0,5184000000.0,,,,,,,,,,,,,,,,,,,,,,,,,,,,,,,,,,,,
2014-06-01,1121888000000.0,63459875557.115005,296500000000.0,289782000000.0,268197000000.0,218000000.0,6500000000.0,,6.7,14879422438.981,5534391120.64,353893866.49,10558021876.462,4057991679.32,4488000000.0,30547935187.0,24267000000.0,15492000000.0,6322000000.0,1759000000.0,156000000.0,8773000000.0,2000000.0,2731000000.0,1576000000.0,303000000.0,608000000.0,0.0,378000000.0,10000000.0,-127000000.0,5586000000.0,1469000000.0,2707000000.0,13251000000.0,117000000.0,134000000.0,42000000.0,270000000.0,1077000000.0,531000000.0,-43000000.0,16442000000.0,2442000000.0,1912000000.0,1693000000.0,633000000.0,1060000000.0,108050666666.66667,18919333333.333332,5698666666.666667,12379666666.666666,36985333333.333336,4948666666.666667,112999333333.33333,98811000000.0,39853000000.0,58958000000.0,19528000000.0,42721000.0,38249000.0,243616666666.66666,51204000000.0,125315000000.0,4705039166.666667,133041666666.66667,48382666666.666664,50801666666.666664,102677333333.33333,87154000000.0,27825333333.333332,31132666666.666668,862666666.6666666,3277000000.0,5504000000.0,1557333333.3333333,4292666666.6666665,2325666666.6666665,272993000000.0,270603700000.0,22285666666.666668,21565666666.666668,15715000000.0,18361666666.666668
2014-07-01,1110206000000.0,45404018068.407,296500000000.0,289782000000.0,268197000000.0,218000000.0,6500000000.0,,6.7,14791688512.952,-334513401.489,544852174.38,-471348769.03800005,2806899839.5600004,-200000000.0,25021626497.0,15928000000.0,7652000000.0,6286000000.0,1469000000.0,265000000.0,8093000000.0,182000000.0,0.0,1226000000.0,236000000.0,609000000.0,0.0,711000000.0,75000000.0,1544000000.0,5722000000.0,1985000000.0,2644000000.0,12776000000.0,153000000.0,222000000.0,80000000.0,217000000.0,1732000000.0,11477000000.0,10863000000.0,16523000000.0,2424000000.0,1870000000.0,2551000000.0,750000000.0,1801000000.0,,,,,,,,,,,,,,,,,,,,,,,,,,,,,,,,,,,,
2014-08-01,1119419000000.0,41742618664.272,296500000000.0,289782000000.0,268197000000.0,218000000.0,6500000000.0,,6.7,13260817156.445,291634840.195,473306584.96,-408347990.89199996,821276592.21,-174000000.0,21434711283.0,15931000000.0,6437000000.0,5671000000.0,517000000.0,276000000.0,9250000000.0,246000000.0,0.0,1051000000.0,202000000.0,608000000.0,2248000000.0,11000000.0,2000000.0,84000000.0,5170000000.0,1212000000.0,2531000000.0,12374000000.0,141000000.0,117000000.0,44000000.0,282000000.0,1283000000.0,626000000.0,22000000.0,15334000000.0,2515000000.0,1636000000.0,1683000000.0,739000000.0,943000000.0,,,,,,,,,,,,,,,,,,,,,,,,,,,,,,,,,,,,
2014-09-01,1115694000000.0,57334990463.002,296500000000.0,289782000000.0,268197000000.0,218000000.0,6500000000.0,,6.7,12485174122.135,4356922478.559,315802600.89,10901706255.769,1144812489.24,4634000000.0,28450687947.0,21992000000.0,12751000000.0,5274000000.0,526000000.0,139000000.0,9240000000.0,1000000.0,-5288000000.0,701000000.0,134000000.0,608000000.0,0.0,11000000.0,12000000.0,68000000.0,5410000000.0,1283000000.0,2751000000.0,12198000000.0,171000000.0,91000000.0,59000000.0,301000000.0,1358000000.0,1390000000.0,787000000.0,15239000000.0,2588000000.0,1770000000.0,1718000000.0,729000000.0,991000000.0,108933666666.66667,18938333333.333332,6224666666.666667,12827000000.0,37814333333.333336,-322000000.0,108611666666.66667,94634666666.66667,39414333333.333336,55220333333.333336,19752000000.0,42923000.0,38461000.0,251376666666.66666,61920000000.0,126210000000.0,5102397033.333333,134408333333.33333,48916000000.0,49422666666.666664,104668000000.0,87800333333.33333,28225333333.333332,26995000000.0,945000000.0,3178333333.3333335,4102333333.3333335,2553000000.0,3645333333.3333335,1592666666.6666667,410930800000.0,407331000000.0,22043000000.0,22267000000.0,15330666666.666666,18969666666.666668
2014-10-01,1116904000000.0,40258149570.296,296500000000.0,289782000000.0,268197000000.0,218000000.0,6500000000.0,,6.6,12876376567.891,-1203338916.771,438862067.48,-322987396.092,1260762304.11,-138000000.0,20752494954.0,14326000000.0,5485000000.0,5444000000.0,587000000.0,193000000.0,8609000000.0,231000000.0,0.0,2452000000.0,472000000.0,608000000.0,0.0,709000000.0,20000000.0,220000000.0,5461000000.0,1873000000.0,2727000000.0,11581000000.0,132000000.0,199000000.0,98000000.0,242000000.0,2002000000.0,1746000000.0,729000000.0,15046000000.0,2513000000.0,1997000000.0,3008000000.0,884000000.0,2123000000.0,,,,,,,,,,,,,,,,,,,,,,,,,,,,,,,,,,,,
2014-11-01,1123811000000.0,42367516570.623,296500000000.0,289782000000.0,268197000000.0,218000000.0,6500000000.0,,6.6,12916024173.149,-488994512.415,515361762.68,-367910233.737,694431301.22,-156000000.0,22693540822.0,15993000000.0,5667000000.0,5514000000.0,327000000.0,227000000.0,10168000000.0,158000000.0,7980000000.0,0.0,0.0,609000000.0,2248000000.0,24000000.0,0.0,195000000.0,5464000000.0,1790000000.0,2945000000.0,12056000000.0,194000000.0,144000000.0,100000000.0,300000000.0,1488000000.0,1131000000.0,669000000.0,14852000000.0,2720000000.0,2065000000.0,2307000000.0,811000000.0,1496000000.0,,,,,,,,,,,,,,,,,,,,,,,,,,,,,,,,,,,,
2014-12-01,1114973000000.0,81478544450.167,296500000000.0,289782000000.0,268197000000.0,218000000.0,6500000000.0,,6.5,21849459675.698997,6744034236.283999,513312411.53,12511272832.567001,2122744668.84,5317000000.0,42746210811.0,30403000000.0,20864000000.0,10917000000.0,1033000000.0,225000000.0,9192000000.0,346000000.0,2693000000.0,3152000000.0,310000000.0,608000000.0,0.0,825000000.0,54000000.0,177000000.0,7475000000.0,2403000000.0,3511000000.0,6418000000.0,403000000.0,326000000.0,277000000.0,496000000.0,2351000000.0,1632000000.0,431000000.0,10764000000.0,1546000000.0,4101000000.0,4840000000.0,1434000000.0,3407000000.0,118273333333.33333,21869333333.333336,6830000000.0,15215333333.333334,38155333333.333336,2028666666.6666667,120302000000.0,103991333333.33333,43417333333.333336,60574000000.0,20301666666.666668,43059000.0,38612000.0,255503333333.33334,53673000000.0,140763000000.0,5069571700.0,135416333333.33333,49277000000.0,49844333333.333336,106947333333.33333,88948333333.33334,28682666666.666668,31891333333.333332,1591333333.3333333,3733000000.0,4510000000.0,3753000000.0,4054666666.6666665,2142000000.0,553129000000.0,556121700000.0,23975666666.666668,23182666666.666668,17192333333.333332,19741666666.666668
2015-01-01,1116284000000.0,43222582681.781,299100000000.0,298820000000.0,277479000000.0,280000000.0,0.0,,6.5,14994859496.303,385339875.17800003,1386757088.13,867621759.697,1668933675.45,368000000.0,19565067685.0,15334000000.0,6697000000.0,4745000000.0,782000000.0,610000000.0,8631000000.0,5000000.0,10681000000.0,1876000000.0,351000000.0,608000000.0,8992000000.0,23000000.0,15000000.0,73000000.0,6496000000.0,1612000000.0,2914000000.0,18618000000.0,151000000.0,150000000.0,27000000.0,1203000000.0,1060000000.0,8796000000.0,8403000000.0,22920000000.0,3184000000.0,1217000000.0,2242000000.0,268000000.0,1974000000.0,,,,,,,,,,,,,,,,,,,,,,,,,,,,,,,,,,,,
2015-02-01,1111293000000.0,45730817581.437,302600000000.0,302320000000.0,279970000000.0,280000000.0,0.0,,6.5,13574862644.505,-805990169.931,1078266480.38,118518298.106,647597288.21,50000000.0,17806347449.0,17290000000.0,6152000000.0,5758000000.0,272000000.0,475000000.0,11105000000.0,35000000.0,-10681000000.0,4937000000.0,1115000000.0,608000000.0,-6744000000.0,19000000.0,5000000.0,48000000.0,5044000000.0,1421000000.0,2302000000.0,11977000000.0,105000000.0,133000000.0,23000000.0,158000000.0,762000000.0,2190000000.0,1051000000.0,15753000000.0,2483000000.0,1469000000.0,986000000.0,262000000.0,725000000.0,,,,,,,,,,,,,,,,,,,,,,,,,,,,,,,,,,,,
2015-03-01,1105892000000.0,57970419607.79301,302600000000.0,302320000000.0,279970000000.0,280000000.0,0.0,,6.5,12987062556.647001,5858209808.624001,645112001.5,12147836257.661,1165704445.27,5164000000.0,30639128324.0,22127000000.0,14300000000.0,5513000000.0,410000000.0,283000000.0,7826000000.0,1000000.0,2360000000.0,1874000000.0,351000000.0,609000000.0,0.0,2963000000.0,16000000.0,1042000000.0,4925000000.0,1391000000.0,2461000000.0,13605000000.0,133000000.0,144000000.0,46000000.0,243000000.0,930000000.0,207000000.0,-456000000.0,16533000000.0,2457000000.0,1849000000.0,1153000000.0,344000000.0,808000000.0,111243333333.33333,19313333333.333332,4352333333.333333,12259666666.666666,39729000000.0,1277333333.3333333,112520666666.66667,98551000000.0,39556666666.666664,58994333333.333336,20424333333.333332,42605000.0,38171000.0,251520000000.0,63044333333.333336,123991000000.0,5094471166.666667,135265333333.33333,49500000000.0,50135666666.666664,107838000000.0,89388000000.0,29039666666.666668,29954666666.666668,926666666.6666666,3797666666.6666665,6480000000.0,1757333333.3333333,3219666666.6666665,2159000000.0,143020200000.0,137882800000.0,21974333333.333332,22811666666.666668,15217666666.666666,19557000000.0
2015-04-01,1099123000000.0,43475692624.222,302600000000.0,302320000000.0,279970000000.0,280000000.0,0.0,,6.5,14701405489.642,-1216987385.215,966350918.43,1154017564.97,1011987253.5500001,489000000.0,22090433868.0,15473000000.0,6968000000.0,6181000000.0,480000000.0,426000000.0,8282000000.0,222000000.0,0.0,1873000000.0,350000000.0,608000000.0,0.0,610000000.0,19000000.0,46000000.0,5238000000.0,1805000000.0,2683000000.0,13002000000.0,138000000.0,195000000.0,49000000.0,145000000.0,1360000000.0,1249000000.0,732000000.0,16207000000.0,2402000000.0,1782000000.0,1956000000.0,413000000.0,1543000000.0,,,,,,,,,,,,,,,,,,,,,,,,,,,,,,,,,,,,
2015-05-01,1114045000000.0,44902852000.0,301600000000.0,301320000000.0,278925000000.0,280000000.0,0.0,,6.4,13532323245.684,429700597.60400003,753970088.12,126224718.812,1315055459.67,54000000.0,23379563334.0,17085000000.0,7059000000.0,5823000000.0,636000000.0,331000000.0,9857000000.0,169000000.0,0.0,1874000000.0,351000000.0,608000000.0,2248000000.0,880000000.0,2000000.0,63000000.0,4533000000.0,1164000000.0,2289000000.0,12116000000.0,93000000.0,126000000.0,34000000.0,157000000.0,905000000.0,795000000.0,285000000.0,14696000000.0,2113000000.0,1556000000.0,1235000000.0,455000000.0,780000000.0,,,,,,,,,,,,,,,,,,,,,,,,,,,,,,,,,,,,
2015-06-01,1112897000000.0,64776497020.065,301600000000.0,301320000000.0,278925000000.0,280000000.0,0.0,,6.4,16032879723.561,6638503826.521,516798304.33000004,11042975233.043,2816842396.92,4694000000.0,34391791257.0,25286000000.0,16439000000.0,6807000000.0,1392000000.0,228000000.0,8845000000.0,1000000.0,2560000000.0,1312000000.0,245000000.0,608000000.0,0.0,193000000.0,8000000.0,80000000.0,5505000000.0,1768000000.0,2584000000.0,13493000000.0,161000000.0,129000000.0,47000000.0,297000000.0,1279000000.0,236000000.0,-340000000.0,16443000000.0,2913000000.0,1741000000.0,2024000000.0,676000000.0,1348000000.0,112361666666.66667,19414333333.333332,5923666666.666667,12854333333.333334,38722000000.0,5069666666.666667,117431333333.33333,102392666666.66667,41421000000.0,60971666666.666664,20577333333.333332,43060000.0,38640000.0,252056666666.66666,51235000000.0,130567333333.33333,4751122233.333333,137373333333.33333,50156000000.0,48782000000.0,110432000000.0,90527666666.66667,28356000000.0,32615666666.666668,1012666666.6666666,3405666666.6666665,5615333333.333333,1846666666.6666667,4101666666.6666665,2510666666.6666665,286273300000.0,281570500000.0,22900000000.0,22814333333.333332,16161000000.0,19463333333.333332
2015-07-01,1102497000000.0,49328252445.059,301600000000.0,301320000000.0,278925000000.0,280000000.0,0.0,,6.4,15708162433.816,-141022795.48,579345856.65,-597813960.068,4645691604.23,-254000000.0,27070973854.0,17558000000.0,8943000000.0,6688000000.0,2285000000.0,294000000.0,8364000000.0,252000000.0,0.0,749000000.0,140000000.0,609000000.0,0.0,712000000.0,79000000.0,756000000.0,5597000000.0,1979000000.0,2872000000.0,12712000000.0,141000000.0,247000000.0,59000000.0,467000000.0,1653000000.0,10486000000.0,9955000000.0,15852000000.0,2529000000.0,2125000000.0,2846000000.0,711000000.0,2135000000.0,,,,,,,,,,,,,,,,,,,,,,,,,,,,,,,,,,,,
2015-08-01,1111028000000.0,44611142968.941,301600000000.0,301320000000.0,278925000000.0,280000000.0,0.0,,6.3,14298638952.872,-441074073.148,510610416.76,-419352214.645,1017244493.88,-179000000.0,21972041535.0,16611000000.0,6432000000.0,6129000000.0,478000000.0,225000000.0,9979000000.0,200000000.0,0.0,1281000000.0,281000000.0,608000000.0,2248000000.0,19000000.0,3000000.0,42000000.0,5282000000.0,1460000000.0,2574000000.0,12309000000.0,133000000.0,112000000.0,69000000.0,233000000.0,1301000000.0,944000000.0,441000000.0,15334000000.0,2435000000.0,1842000000.0,1743000000.0,693000000.0,1050000000.0,,,,,,,,,,,,,,,,,,,,,,,,,,,,,,,,,,,,
2015-09-01,1105360000000.0,59367424180.768,301700000000.0,306420000000.0,280068000000.0,280000000.0,0.0,5000000000.0,6.3,13244406746.833,5034320529.528001,305617433.81,11683428537.6,762200877.41,4967000000.0,29251150144.0,22339000000.0,13533000000.0,5562000000.0,338000000.0,150000000.0,8805000000.0,1000000.0,2686000000.0,555000000.0,105000000.0,608000000.0,0.0,7000000.0,29000000.0,360000000.0,5608000000.0,1154000000.0,2742000000.0,13435000000.0,169000000.0,99000000.0,44000000.0,255000000.0,1290000000.0,4271000000.0,191000000.0,16368000000.0,2571000000.0,1872000000.0,5216000000.0,648000000.0,4567000000.0,111353666666.66667,19444000000.0,6476666666.666667,13363666666.666666,39278333333.333336,2061666666.6666667,113415333333.33333,99035333333.33333,41016666666.666664,58018666666.666664,20583333333.333332,43325000.0,38918000.0,260136666666.66666,63599333333.333336,131464333333.33333,5146223733.333333,138286666666.66666,50686333333.333336,50053333333.333336,110095000000.0,90787000000.0,29245666666.666668,28773000000.0,1028666666.6666666,3303666666.6666665,3964666666.6666665,1681000000.0,3338000000.0,1594000000.0,430131600000.0,423470600000.0,22512666666.666668,23388333333.333332,15760000000.0,19977000000.0
2015-10-01,1098627000000.0,41020778774.183,301900000000.0,306620000000.0,280068000000.0,280000000.0,0.0,5000000000.0,6.3,13060099030.114,-1366426393.236,275526426.94,-341614465.686,1053842335.7200001,-146000000.0,21706886954.0,14195000000.0,5074000000.0,5275000000.0,506000000.0,121000000.0,8884000000.0,237000000.0,0.0,1479000000.0,281000000.0,608000000.0,0.0,729000000.0,3000000.0,119000000.0,5812000000.0,1873000000.0,2891000000.0,12438000000.0,148000000.0,172000000.0,69000000.0,241000000.0,1887000000.0,552000000.0,46000000.0,15349000000.0,2902000000.0,2052000000.0,2811000000.0,862000000.0,1950000000.0,,,,,,,,,,,,,,,,,,,,,,,,,,,,,,,,,,,,
2015-11-01,1107108000000.0,42915492940.957,301900000000.0,306620000000.0,280068000000.0,280000000.0,0.0,5000000000.0,6.3,13770287129.059,-805016058.975,353547645.73,-519060686.546,760599830.11,-221000000.0,19363266177.99997,14801000000.0,5998000000.0,6108000000.0,358000000.0,155000000.0,8643000000.0,160000000.0,0.0,1551000000.0,287000000.0,609000000.0,2248000000.0,13000000.0,31000000.0,-82000000.0,5693000000.0,2064000000.0,3396000000.0,12515000000.0,193000000.0,160000000.0,113000000.0,255000000.0,1653000000.0,1220000000.0,723000000.0,15765000000.0,2322000000.0,2502000000.0,2478000000.0,911000000.0,1567000000.0,,,,,,,,,,,,,,,,,,,,,,,,,,,,,,,,,,,,
2015-12-01,1097175000000.0,82964781000.0,301900000000.0,306620000000.0,280068000000.0,280000000.0,0.0,-5000000000.0,6.3,22985552407.684,6013451582.653,762589530.42,13317595839.882,2076664369.55,5661000000.0,43818418216.00003,31519000000.0,21473000000.0,11439000000.0,1031000000.0,336000000.0,9673000000.0,373000000.0,2435000000.0,2217000000.0,241000000.0,717000000.0,0.0,721000000.0,59000000.0,664000000.0,7214000000.0,2580000000.0,3734000000.0,7391000000.0,350000000.0,337000000.0,266000000.0,502000000.0,2515000000.0,2279000000.0,35000000.0,12531000000.0,1596000000.0,4298000000.0,4863000000.0,1441000000.0,3422000000.0,122805666666.66667,22425666666.666668,7707000000.0,16086333333.333334,39461333333.333336,1004333333.3333334,123810000000.0,107564000000.0,45058000000.0,62506000000.0,21431000000.000004,43559000.0,39164000.0,265296666666.66666,54741333333.333336,146830666666.66666,5161649966.666667,139135666666.66666,51638666666.666664,51107000000.0,108876666666.66667,90539666666.66667,29964666666.666668,32541333333.333332,1438000000.0,3995666666.6666665,5172333333.333333,2991000000.0,3645000000.0,1926333333.3333333,576046200000.0,577264600000.0,24464333333.333332,23442000000.0,17698666666.666668,19987666666.666668
2016-01-01,1097414000000.0,44801411290.427,316900000000.0,310515000000.0,288083000000.0,285000000.0,0.0,6100000000.0,6.2,15116567000.0,1335625000.0,1267767000.0,1028614000.0,1347589000.0,436000000.0,22149305893.0,16096000000.0,6951000000.0,4752000000.0,538000000.0,558000000.0,9141000000.0,5000000.0,0.0,-167000000.0,354000000.0,617000000.0,0.0,32000000.0,18000000.0,40000000.0,6970000000.0,1427000000.0,3365000000.0,19237000000.0,130000000.0,255000000.0,40000000.0,1386000000.0,1154000000.0,8156000000.0,7646000000.0,23046000000.0,2981000000.0,1760000000.0,3181000000.0,303000000.0,2877000000.0,,,,,,,,,,,,,,,,,,,,,,,,,,,,,,,,,,,,
2016-02-01,1098251000000.0,48017410357.64,316900000000.0,310515000000.0,288083000000.0,285000000.0,0.0,6100000000.0,6.2,14050571000.0,20659000.0,425659000.0,409934000.0,979142000.0,174000000.0,20665935986.0,17715000000.0,6718000000.0,5947000000.0,398000000.0,187000000.0,10957000000.0,38000000.0,0.0,4257000000.0,815000000.0,618000000.0,2248000000.0,13000000.0,2000000.0,115000000.0,5522000000.0,1568000000.0,2471000000.0,12671000000.0,141000000.0,147000000.0,26000000.0,197000000.0,1075000000.0,1224000000.0,780000000.0,15957000000.0,2740000000.0,1591000000.0,1402000000.0,269000000.0,1133000000.0,,,,,,,,,,,,,,,,,,,,,,,,,,,,,,,,,,,,
2016-03-01,1098638000000.0,62073215860.839005,316900000000.0,310515000000.0,288083000000.0,285000000.0,0.0,6100000000.0,6.2,13416338000.0,7077108000.0,487408000.0,13130836000.0,1444311000.0,5581000000.0,31806749993.0,23454000000.0,15579000000.0,5694000000.0,551000000.0,215000000.0,7874000000.0,2000000.0,2388000000.0,1848000000.0,354000000.0,617000000.0,0.0,3197000000.0,33000000.0,315000000.0,6028000000.0,1322000000.0,2780000000.0,13332000000.0,123000000.0,178000000.0,37000000.0,228000000.0,978000000.0,34000000.0,-611000000.0,16943000000.0,2603000000.0,1936000000.0,1292000000.0,359000000.0,934000000.0,115357000000.0,20000666666.666668,4932000000.0,13148333333.333334,40739666666.666664,2091666666.6666667,117448666666.66667,103323666666.66667,41358333333.333336,61965333333.333336,21750000000.0,43152000.0,38770000.0,260626666666.66666,67079000000.0,129455000000.0,5103752666.666667,139703333333.33334,52032333333.333336,52743333333.333336,109161333333.33333,90218666666.66667,30224666666.666668,31740666666.666668,1061000000.0,3764333333.3333335,6347333333.333333,1903333333.3333333,2835666666.6666665,1719000000.0,146968700000.0,143931100000.0,22727333333.333332,23358666666.666668,15799000000.0,20047666666.666668
2016-04-01,1083226000000.0,46346404000.0,316900000000.0,310515000000.0,288083000000.0,285000000.0,0.0,6100000000.0,6.2,15407528000.0,-344571000.0,446241000.0,946579000.0,1153839000.0,402000000.0,25458211405.0,16319000000.0,7563000000.0,6541000000.0,596000000.0,196000000.0,8495000000.0,260000000.0,0.0,924000000.0,177000000.0,617000000.0,0.0,1360000000.0,14000000.0,199000000.0,5168000000.0,1431000000.0,2528000000.0,13187000000.0,149000000.0,294000000.0,61000000.0,206000000.0,1263000000.0,2211000000.0,267000000.0,16792000000.0,2385000000.0,1741000000.0,1993000000.0,448000000.0,1545000000.0,,,,,,,,,,,,,,,,,,,,,,,,,,,,,,,,,,,,
2016-05-01,1100631000000.0,47661060429.19,316900000000.0,310515000000.0,288083000000.0,285000000.0,0.0,6100000000.0,6.1,13733682000.0,1141058000.0,376494000.0,329371000.0,2413087000.0,140000000.0,23536729259.0,17509000000.0,7818000000.0,5821000000.0,1121000000.0,166000000.0,9514000000.0,178000000.0,0.0,1479000000.0,283000000.0,618000000.0,2248000000.0,253000000.0,4000000.0,64000000.0,5315000000.0,1513000000.0,2624000000.0,13014000000.0,152000000.0,120000000.0,37000000.0,194000000.0,1135000000.0,158000000.0,-364000000.0,16094000000.0,2410000000.0,1857000000.0,1562000000.0,607000000.0,955000000.0,,,,,,,,,,,,,,,,,,,,,,,,,,,,,,,,,,,,
2016-06-01,1101932000000.0,68088805218.58101,316900000000.0,310500000000.0,288100000000.0,300000000.0,0.0,6100000000.0,6.1,16170286000.0,6532832000.0,320018000.0,11667349000.0,4252555000.0,4960000000.0,31980324769.0,26265000000.0,17151000000.0,6846000000.0,1938000000.0,140000000.0,9114000000.0,0.0,2415000000.0,924000000.0,177000000.0,617000000.0,0.0,132000000.0,19000000.0,-228000000.0,5412000000.0,1904000000.0,2654000000.0,13162000000.0,143000000.0,123000000.0,43000000.0,225000000.0,1375000000.0,-71000000.0,-686000000.0,16300000000.0,2658000000.0,1920000000.0,2037000000.0,796000000.0,1241000000.0,116710333333.33333,19992333333.333332,6365333333.333333,13851666666.666666,40133000000.0,5875000000.0,122585333333.33333,106902000000.0,43227000000.00001,63675000000.0,21981666666.666664,43601000.0,39232000.0,264223333333.33334,59219000000.0,135210666666.66667,4858458666.666667,140441000000.0,52652333333.333336,51364666666.666664,110340000000.0,89862000000.0,29127666666.666668,34547333333.333336,1478333333.3333333,3283666666.6666665,5206333333.333333,2513000000.0,3468000000.0,2068666666.6666667,294730300000.0,293399500000.0,23763666666.666668,23472666666.666668,16790666666.666666,20032333333.333332
2016-07-01,1092002000000.0,48366831870.065,316900000000.0,310515000000.0,288083000000.0,285000000.0,0.0,6100000000.0,6.1,16148438000.0,288598000.0,383103000.0,-214001000.0,2909326000.0,-92000000.0,25598006047.0,16920000000.0,8567000000.0,6884000000.0,1462000000.0,169000000.0,8086000000.0,267000000.0,0.0,1664000000.0,319000000.0,617000000.0,0.0,623000000.0,72000000.0,1321000000.0,5861000000.0,1804000000.0,3010000000.0,13766000000.0,157000000.0,365000000.0,56000000.0,324000000.0,1728000000.0,9350000000.0,8749000000.0,16889000000.0,2458000000.0,2428000000.0,2818000000.0,694000000.0,2124000000.0,,,,,,,,,,,,,,,,,,,,,,,,,,,,,,,,,,,,
2016-08-01,1103823000000.0,44823894736.139,316900000000.0,310515000000.0,288083000000.0,285000000.0,0.0,6100000000.0,6.0,14277199000.0,-129049000.0,353391000.0,-568352000.0,1129527000.0,-241000000.0,22070879314.0,16697000000.0,6758000000.0,6118000000.0,768000000.0,178000000.0,9751000000.0,189000000.0,0.0,1658000000.0,354000000.0,618000000.0,2248000000.0,21000000.0,2000000.0,504000000.0,5951000000.0,1405000000.0,2673000000.0,13088000000.0,181000000.0,97000000.0,54000000.0,245000000.0,1529000000.0,868000000.0,327000000.0,16659000000.0,2445000000.0,1971000000.0,1952000000.0,831000000.0,1121000000.0,,,,,,,,,,,,,,,,,,,,,,,,,,,,,,,,,,,,
2016-09-01,1105478000000.0,62333355158.352005,316900000000.0,310515000000.0,288083000000.0,285000000.0,0.0,6100000000.0,6.0,14230503697.131,5386132899.851,345488267.85,12680386201.129,998775291.89,5389000000.0,29887927731.0,23834000000.0,14735000000.0,6025000000.0,476000000.0,152000000.0,9098000000.0,0.0,2681000000.0,1825000000.0,355000000.0,617000000.0,0.0,13000000.0,20000000.0,63000000.0,5984000000.0,1565000000.0,2897000000.0,13673000000.0,142000000.0,87000000.0,71000000.0,229000000.0,1531000000.0,970000000.0,292000000.0,17163000000.0,2804000000.0,1965000000.0,1903000000.0,821000000.0,1081000000.0,118284333333.33333,20039666666.666668,6868000000.0,14236666666.666666,41256333333.333336,-304000000.0,117980333333.33333,103312000000.0,43002666666.66667,60309333333.333336,21770666666.666668,43858000.0,39505000.0,267720000000.0,65853333333.333336,136513666666.66667,5198935266.666667,141747000000.0,53063333333.333336,52128666666.666664,110482000000.0,91040000000.0,30011666666.666668,30297666666.666668,1037333333.3333334,3467333333.3333335,5421333333.333333,2333000000.0,3003000000.0,1453333333.3333333,444983000000.0,442806100000.0,23406000000.0,24594000000.0,16444333333.333334,21027000000.0
2016-10-01,1095118000000.0,44387747516.141,316900000000.0,310515000000.0,288083000000.0,285000000.0,0.0,6100000000.0,6.0,14235044227.215,-903504078.676,392713658.40999997,-89987772.807,865117740.61,-39000000.0,21078952299.0,15776000000.0,6116000000.0,6035000000.0,399000000.0,172000000.0,9425000000.0,235000000.0,0.0,3649000000.0,708000000.0,618000000.0,0.0,608000000.0,8000000.0,195000000.0,5649000000.0,1859000000.0,2812000000.0,13228000000.0,152000000.0,294000000.0,48000000.0,173000000.0,1931000000.0,83000000.0,-438000000.0,16278000000.0,2666000000.0,1957000000.0,2900000000.0,858000000.0,2044000000.0,,,,,,,,,,,,,,,,,,,,,,,,,,,,,,,,,,,,
2016-11-01,1101189000000.0,44032786831.441,316900000000.0,310515000000.0,288083000000.0,285000000.0,0.0,6100000000.0,6.0,14117292300.1,-445339688.74,340930681.7,-302802999.718,726808975.0,-128000000.0,22411663663.0,16164000000.0,6043000000.0,5978000000.0,290000000.0,125000000.0,9919000000.0,201000000.0,0.0,0.0,0.0,617000000.0,2248000000.0,15000000.0,28000000.0,-77000000.0,6325000000.0,2415000000.0,3044000000.0,13647000000.0,189000000.0,170000000.0,131000000.0,314000000.0,1915000000.0,1877000000.0,1324000000.0,17407000000.0,2869000000.0,2246000000.0,3069000000.0,1102000000.0,1966000000.0,,,,,,,,,,,,,,,,,,,,,,,,,,,,,,,,,,,,
2016-12-01,1089151000000.0,87376211220.444,316900000000.0,310515000000.0,288083000000.0,285000000.0,0.0,6100000000.0,6.0,23922611000.0,7482377000.0,750017000.0,14815072000.0,2470162000.0,6297000000.0,40184563058.0,28998000000.0,23464000000.0,11878000000.0,1194000000.0,355000000.0,5155000000.0,380000000.0,2361000000.0,1850000000.0,354000000.0,1409000000.0,0.0,580000000.0,82000000.0,379000000.0,7996000000.0,3259000000.0,3755000000.0,8588000000.0,415000000.0,297000000.0,296000000.0,531000000.0,2699000000.0,10372000000.0,212000000.0,12811000000.0,1646000000.0,4760000000.0,9074000000.0,1737000000.0,7337000000.0,126067000000.0,23258000000.0,7699333333.333333,16654000000.0,40994333333.333336,4416333333.333333,130483333333.33333,113287333333.33333,47164666666.666664,66122666666.666664,22436333333.333332,44134000.0,39798000.0,272500000000.0,57164000000.0,152696333333.33334,5164935366.666667,143293333333.33334,53549000000.0,53929000000.0,111701333333.33333,93883000000.0,30356000000.0,35766666666.666664,1846333333.3333333,3976666666.6666665,4757333333.333333,3101333333.3333335,3322666666.6666665,1781666666.6666667,597438700000.0,603842700000.0,25378666666.666668,24672000000.0,18390333333.333332,21039000000.0
2017-01-01,1086875000000.0,46576367644.058,329100000000.0,322051000000.0,301029000000.0,285000000.0,0.0,6734000000.0,5.9,16435325030.83,318445960.699,1147833180.63,977376632.2390001,1615677268.0,414000000.0,25427426101.0,16543000000.0,7036000000.0,5262000000.0,695000000.0,505000000.0,9459000000.0,48000000.0,0.0,-2991000000.0,197000000.0,696000000.0,0.0,29000000.0,15000000.0,27000000.0,7147000000.0,1526000000.0,3279000000.0,20270000000.0,178000000.0,345000000.0,20000000.0,1173000000.0,1387000000.0,7073000000.0,6727000000.0,24078000000.0,3404000000.0,1673000000.0,3114000000.0,365000000.0,2749000000.0,,,,,,,,,,,,,,,,,,,,,,,,,,,,,,,,,,,,
2017-02-01,1078264000000.0,52018602938.449005,329100000000.0,322051000000.0,301029000000.0,285000000.0,0.0,6734000000.0,5.9,14747158391.011,364861439.478,854504618.77,1040477699.3690001,723221065.0600001,442000000.0,24389228160.0,19196000000.0,7601000000.0,6321000000.0,280000000.0,376000000.0,11538000000.0,57000000.0,0.0,2015000000.0,236000000.0,695000000.0,2248000000.0,14000000.0,6000000.0,24000000.0,5394000000.0,1505000000.0,2477000000.0,13446000000.0,120000000.0,111000000.0,51000000.0,168000000.0,959000000.0,1339000000.0,686000000.0,16728000000.0,2689000000.0,1804000000.0,1011000000.0,301000000.0,709000000.0,,,,,,,,,,,,,,,,,,,,,,,,,,,,,,,,,,,,
2017-03-01,1081732000000.0,66757030934.324,329100000000.0,322051000000.0,301029000000.0,285000000.0,0.0,6734000000.0,5.8,14126326774.813,7827223229.648,513534554.06,14991267332.031,1744400686.74,6373000000.0,31748728028.0,25408000000.0,17349000000.0,5994000000.0,843000000.0,226000000.0,8057000000.0,2000000.0,2271000000.0,1355000000.0,158000000.0,696000000.0,0.0,407000000.0,32000000.0,195000000.0,5807000000.0,1048000000.0,2907000000.0,13980000000.0,138000000.0,186000000.0,43000000.0,187000000.0,1102000000.0,-214000000.0,-860000000.0,16802000000.0,2586000000.0,2159000000.0,1498000000.0,564000000.0,934000000.0,119501666666.66667,20650333333.333332,4916666666.666667,13974000000.0,42842333333.33333,3863666666.6666665,123365333333.33333,108955333333.33333,43258000000.0,65697333333.333336,22666000000.000004,43764000.0,39446000.0,273313333333.33334,69741000000.0,135208666666.66667,5232346866.666667,144089333333.33334,53878666666.666664,56196666666.666664,115107000000.0,96375333333.33333,31566666666.666668,34130666666.666668,902333333.3333334,3779666666.6666665,5886666666.666667,2131000000.0,2748666666.6666665,1306333333.3333333,155591000000.0,151130200000.0,23767000000.0,24577000000.0,16462666666.666666,21087666666.666668
2017-04-01,1073856000000.0,49017806498.850006,329100000000.0,322051000000.0,301029000000.0,285000000.0,0.0,6734000000.0,5.8,16148614000.0,551206000.0,669232000.0,1388676000.0,1321133000.0,589000000.0,25272867703.0,17658000000.0,8628000000.0,6881000000.0,587000000.0,294000000.0,8767000000.0,263000000.0,0.0,1694000000.0,196000000.0,696000000.0,0.0,1260000000.0,18000000.0,93000000.0,5170000000.0,1619000000.0,2538000000.0,14274000000.0,191000000.0,410000000.0,58000000.0,123000000.0,1402000000.0,2091000000.0,1567000000.0,17223000000.0,2527000000.0,1738000000.0,2165000000.0,467000000.0,1699000000.0,,,,,,,,,,,,,,,,,,,,,,,,,,,,,,,,,,,,
2017-05-01,1088439000000.0,48351868090.940994,329100000000.0,322051000000.0,301029000000.0,285000000.0,0.0,6734000000.0,5.7,14788356664.161001,279877910.163,512805912.28,291520332.63100004,2502326428.64,124000000.0,23067321233.0,17758000000.0,7914000000.0,6224000000.0,1233000000.0,226000000.0,9640000000.0,204000000.0,0.0,1694000000.0,197000000.0,695000000.0,2248000000.0,239000000.0,15000000.0,25000000.0,5685000000.0,1477000000.0,2884000000.0,13856000000.0,143000000.0,132000000.0,53000000.0,222000000.0,1246000000.0,923000000.0,-398000000.0,17838000000.0,2609000000.0,2131000000.0,1502000000.0,597000000.0,905000000.0,,,,,,,,,,,,,,,,,,,,,,,,,,,,,,,,,,,,
2017-06-01,1086688000000.0,63665990133.156,329100000000.0,322051000000.0,301029000000.0,285000000.0,0.0,6734000000.0,5.7,17318609096.792,7041079638.035,466433996.54999995,13145172928.302,2111957250.29,5588000000.0,26325013890.0,26723000000.0,17680000000.0,7363000000.0,972000000.0,205000000.0,9044000000.0,-2000000.0,2490000000.0,1660000000.0,197000000.0,696000000.0,0.0,14000000.0,31000000.0,-175000000.0,6116000000.0,1891000000.0,2784000000.0,13778000000.0,147000000.0,131000000.0,60000000.0,314000000.0,1488000000.0,304000000.0,-296000000.0,17137000000.0,2780000000.0,2100000000.0,2412000000.0,815000000.0,1597000000.0,123179333333.33333,20866666666.666668,6854666666.666667,14195666666.666666,41948333333.333336,4500000000.0,127679333333.33333,112153000000.0,45500999999.99999,66652000000.0,22643333333.333336,44201000.0,39900000.0,271853333333.33334,56977000000.0,141478333333.33334,4834894500.0,146110000000.0,54495333333.333336,56381333333.333336,117434000000.0,98309666666.66667,30390000000.0,36262000000.0,882333333.3333334,3492666666.6666665,5592333333.333334,4466000000.0,3211666666.6666665,2129000000.0,310452700000.0,308431500000.0,24860333333.333332,24595000000.0,17579666666.666668,21005333333.333332
2017-07-01,1078173000000.0,52838864705.773,329100000000.0,322051000000.0,301029000000.0,285000000.0,0.0,6734000000.0,5.7,16903782880.289,187417409.844,462304084.43,-187374760.239,4264548928.16,-81000000.0,27421555832.0,18498000000.0,9476000000.0,7193000000.0,2066000000.0,204000000.0,8753000000.0,270000000.0,0.0,1694000000.0,197000000.0,695000000.0,0.0,863000000.0,75000000.0,697000000.0,5999000000.0,1954000000.0,2767000000.0,14589000000.0,156000000.0,410000000.0,60000000.0,505000000.0,2278000000.0,8496000000.0,7944000000.0,18175000000.0,2616000000.0,1944000000.0,3695000000.0,972000000.0,2723000000.0,,,,,,,,,,,,,,,,,,,,,,,,,,,,,,,,,,,,
2017-08-01,1093583000000.0,47884494774.03,329100000000.0,322051000000.0,301029000000.0,285000000.0,0.0,6734000000.0,5.6,15768796712.9,19849495.651,413031995.94,-590523778.461,2989005415.7400002,-251000000.0,23092148213.0,17965000000.0,8121000000.0,6727000000.0,1444000000.0,191000000.0,9614000000.0,230000000.0,0.0,778000000.0,197000000.0,696000000.0,2248000000.0,12000000.0,20000000.0,28000000.0,6688000000.0,1541000000.0,3174000000.0,14185000000.0,178000000.0,145000000.0,56000000.0,272000000.0,2719000000.0,1495000000.0,900000000.0,17892000000.0,2590000000.0,2624000000.0,3220000000.0,962000000.0,2258000000.0,,,,,,,,,,,,,,,,,,,,,,,,,,,,,,,,,,,,
2017-09-01,1089597000000.0,65199701874.748,329100000000.0,322051000000.0,301029000000.0,285000000.0,0.0,6734000000.0,5.6,14580121512.496,5826418849.846,392376462.17999995,13498137033.327,973216748.14,5738000000.0,30604409921.0,24828000000.0,15437000000.0,6172000000.0,442000000.0,173000000.0,9389000000.0,2000000.0,2332000000.0,1579000000.0,197000000.0,696000000.0,0.0,23000000.0,27000000.0,386000000.0,5934000000.0,1305000000.0,2894000000.0,13955000000.0,158000000.0,98000000.0,107000000.0,171000000.0,1696000000.0,1092000000.0,490000000.0,16948000000.0,2811000000.0,2125000000.0,2012000000.0,856000000.0,1156000000.0,120209333333.33333,20880000000.0,7385000000.0,14710333333.333334,42599666666.666664,3001333333.3333335,123210666666.66667,108065333333.33333,44929000000.0,63136333333.333336,22564666666.666668,44471000.0,40187000.0,279746666666.6667,68936666666.66667,142762666666.66666,5236210800.0,146918333333.33334,54984333333.333336,57616333333.333336,118030000000.0,97730000000.0,30543333333.333332,32593000000.0,916666666.6666666,3345666666.6666665,4328666666.666667,1921333333.3333333,2563000000.0,1319666666.6666667,466425100000.0,464128500000.0,24431666666.666668,25189666666.666668,17124666666.666666,21542666666.666668
2017-10-01,1085908000000.0,44597205632.368996,329100000000.0,322051000000.0,301029000000.0,285000000.0,0.0,6734000000.0,5.6,14879961972.351,-1404410318.794,454850077.17,-190779035.86699998,847307200.25,-82000000.0,22883182953.0,15693000000.0,6090000000.0,6310000000.0,359000000.0,204000000.0,9352000000.0,250000000.0,0.0,1580000000.0,196000000.0,695000000.0,0.0,614000000.0,16000000.0,16000000.0,6267000000.0,2448000000.0,2989000000.0,14340000000.0,149000000.0,366000000.0,69000000.0,217000000.0,2046000000.0,318000000.0,-216000000.0,18093000000.0,2545000000.0,2355000000.0,3392000000.0,902000000.0,2490000000.0,,,,,,,,,,,,,,,,,,,,,,,,,,,,,,,,,,,,
2017-11-01,1096694000000.0,46997068129.099,329100000000.0,322051000000.0,301029000000.0,285000000.0,0.0,6734000000.0,5.5,15082933168.212,-376032899.421,501218784.2,-391145210.971,1046945915.9200001,-166000000.0,21930876338.0,17307000000.0,6754000000.0,6427000000.0,460000000.0,221000000.0,10344000000.0,211000000.0,0.0,1579000000.0,197000000.0,696000000.0,2248000000.0,18000000.0,15000000.0,8000000.0,7253000000.0,2262000000.0,3399000000.0,14403000000.0,253000000.0,245000000.0,137000000.0,262000000.0,2018000000.0,1463000000.0,878000000.0,18496000000.0,2966000000.0,2674000000.0,3215000000.0,1093000000.0,2122000000.0,,,,,,,,,,,,,,,,,,,,,,,,,,,,,,,,,,,,
2017-12-01,1086311000000.0,90693234002.151,329100000000.0,322051000000.0,301029000000.0,285000000.0,0.0,6734000000.0,5.5,24743754689.156,8622962889.718,913262629.94,15455391647.139,2344467550.6699996,6568000000.0,48237898064.0,35853000000.0,24599000000.0,12247000000.0,1070000000.0,402000000.0,10848000000.0,406000000.0,2136000000.0,1621000000.0,197000000.0,696000000.0,0.0,375000000.0,74000000.0,462000000.0,9546000000.0,4408000000.0,4327000000.0,7725000000.0,492000000.0,344000000.0,354000000.0,581000000.0,2887000000.0,6152000000.0,75000000.0,13172000000.0,1701000000.0,5366000000.0,6777000000.0,1949000000.0,4828000000.0,131960333333.33333,24395000000.0,8057666666.666667,17471333333.333332,42467333333.333336,3492000000.0,135452333333.33333,118379666666.66667,49472333333.333336,68907333333.33333,23355666666.666668,44724000.0,40455000.0,286123333333.3333,60326000000.0,159616333333.33334,5191183866.666667,148088666666.66666,55971666666.666664,60100000000.0,119423333333.33333,99986333333.33333,31426000000.0,37481333333.333336,1115000000.0,4061333333.3333335,5697333333.333333,3663666666.6666665,2973000000.0,1572666666.6666667,624924300000.0,633366100000.0,26652000000.0,25280666666.666668,19303333333.333332,21564666666.666668
2018-01-01,1084551000000.0,47874176776.230995,343600000000.0,341700000000.0,321300000000.0,300000000.0,0.0,-1600000000.0,5.4,17305070457.291,772988142.893,1266763941.53,984647582.5209999,1577352351.76,416000000.0,22513509641.0,17246000000.0,7697000000.0,5603000000.0,734000000.0,557000000.0,9535000000.0,14000000.0,0.0,167000000.0,181000000.0,708000000.0,0.0,28000000.0,31000000.0,37000000.0,6981000000.0,1232000000.0,3384000000.0,21130000000.0,119000000.0,311000000.0,16000000.0,1120000000.0,1271000000.0,6500000000.0,6190000000.0,24263000000.0,3197000000.0,1661000000.0,3287000000.0,348000000.0,2939000000.0,,,,,,,,,,,,,,,,,,,,,,,,,,,,,,,,,,,,
2018-02-01,1083477000000.0,56241135241.973,343600000000.0,341700000000.0,321300000000.0,300000000.0,0.0,-1600000000.0,5.4,15732473879.668999,485735411.65500003,1389524565.42,1286644886.958,760442566.66,549000000.0,25873876382.0,20609000000.0,8440000000.0,6695000000.0,342000000.0,612000000.0,12114000000.0,56000000.0,15000000.0,3162000000.0,341000000.0,708000000.0,2248000000.0,14000000.0,12000000.0,74000000.0,5681000000.0,959000000.0,2582000000.0,14325000000.0,135000000.0,100000000.0,28000000.0,170000000.0,1029000000.0,1796000000.0,1042000000.0,17007000000.0,2993000000.0,1872000000.0,1166000000.0,312000000.0,854000000.0,,,,,,,,,,,,,,,,,,,,,,,,,,,,,,,,,,,,
2018-03-01,1086503000000.0,67995287320.00101,343600000000.0,341700000000.0,321300000000.0,300000000.0,0.0,-1600000000.0,5.3,15021826710.233,8159540659.304999,426619966.72,15368532404.704,1540792123.6699998,6533000000.0,33068586437.0,25897000000.0,17854000000.0,6371000000.0,682000000.0,187000000.0,8039000000.0,4000000.0,2011000000.0,1868000000.0,201000000.0,708000000.0,0.0,1909000000.0,34000000.0,154000000.0,5683000000.0,1278000000.0,2867000000.0,14233000000.0,134000000.0,190000000.0,66000000.0,187000000.0,1175000000.0,-82000000.0,-611000000.0,17300000000.0,2678000000.0,1958000000.0,1477000000.0,504000000.0,973000000.0,121929333333.33333,21692333333.333332,5525666666.666667,14154666666.666666,43932666666.666664,6314000000.0,128243333333.33333,113202000000.0,45114666666.666664,68087333333.333336,23182666666.666668,44417000.0,40162000.0,282053333333.3333,73343666666.66667,141693666666.66666,5215243300.0,148853333333.33334,55808000000.0,59514333333.333336,121399333333.33333,102453000000.0,31884666666.666668,36202666666.666664,903000000.0,3589333333.3333335,5482000000.000001,1969333333.3333333,2482000000.0,1890666666.6666667,161374800000.0,157153700000.0,24789333333.333332,25160666666.666668,17242000000.0,21628333333.333332
2018-04-01,1067772000000.0,50926608634.838,343600000000.0,341700000000.0,321300000000.0,300000000.0,0.0,-1600000000.0,5.3,17136338860.436998,413414401.214,627196050.73,1548044343.195,1574446114.2,656000000.0,26310694364.0,18004000000.0,9205000000.0,7289000000.0,777000000.0,276000000.0,8530000000.0,268000000.0,0.0,1681000000.0,181000000.0,709000000.0,0.0,1723000000.0,19000000.0,57000000.0,5580000000.0,1829000000.0,2940000000.0,14925000000.0,174000000.0,401000000.0,49000000.0,199000000.0,1557000000.0,1322000000.0,819000000.0,18136000000.0,2488000000.0,2295000000.0,2200000000.0,503000000.0,1698000000.0,,,,,,,,,,,,,,,,,,,,,,,,,,,,,,,,,,,,
2018-05-01,1080938000000.0,51620796993.721,343600000000.0,341700000000.0,321300000000.0,300000000.0,0.0,-1600000000.0,5.2,16046551951.032999,852798318.72,388393718.62,197656144.407,3116092363.92,85000000.0,25393688990.000015,19229000000.0,9002000000.0,6795000000.0,1526000000.0,171000000.0,9992000000.0,235000000.0,0.0,1308000000.0,141000000.0,708000000.0,2248000000.0,592000000.0,17000000.0,122000000.0,6018000000.0,1580000000.0,2669000000.0,13884000000.0,201000000.0,138000000.0,42000000.0,183000000.0,1407000000.0,855000000.0,75000000.0,17328000000.0,3238000000.0,1949000000.0,1696000000.0,700000000.0,995000000.0,,,,,,,,,,,,,,,,,,,,,,,,,,,,,,,,,,,,
2018-06-01,1080716000000.0,75554855282.959,343600000000.0,341700000000.0,321300000000.0,300000000.0,0.0,-1600000000.0,5.2,18212229822.73,8035393938.526,390228190.89000005,13143312610.636,4779888265.700001,5586000000.0,36165281763.999985,29332000000.0,19859000000.0,7720000000.0,2362000000.0,172000000.0,9472000000.0,1000000.0,2219000000.0,1161000000.0,154000000.0,708000000.0,0.0,14000000.0,22000000.0,70000000.0,5309000000.0,1790000000.0,2894000000.0,13964000000.0,146000000.0,127000000.0,33000000.0,209000000.0,1522000000.0,-196000000.0,-496000000.0,16635000000.0,2169000000.0,2263000000.0,2278000000.0,828000000.0,1450000000.0,124440000000.0,21596000000.0,7376333333.333333,14888333333.333334,43006666666.66667,10666333333.333334,135106333333.33333,118222333333.33333,47266000000.0,70956333333.33333,23315666666.666668,44808000.0,40568000.0,282586666666.6667,61719000000.0,148183000000.0,4920462333.333333,150381666666.66666,56545333333.333336,60279666666.666664,122466333333.33333,103244333333.33333,31490666666.666668,39465666666.666664,1140666666.6666667,3534000000.0,6254333333.333333,1646333333.3333333,2894000000.0,2464333333.3333335,321801600000.0,320300600000.0,25941333333.333332,25249000000.0,18395333333.333332,21580666666.666668
2018-07-01,1074920000000.0,54357999438.822,343600000000.0,341700000000.0,321300000000.0,300000000.0,0.0,1600000000.0,5.2,18239537187.147,-505624277.51500005,456301070.53999996,-644039678.66,4511396769.55,-274000000.0,26875362422.0,19648000000.0,9646000000.0,7757000000.0,2216000000.0,201000000.0,9700000000.0,301000000.0,0.0,1694000000.0,181000000.0,708000000.0,0.0,9000000.0,71000000.0,508000000.0,6154000000.0,2227000000.0,3034000000.0,15031000000.0,151000000.0,406000000.0,54000000.0,130000000.0,2264000000.0,7810000000.0,7260000000.0,18658000000.0,2604000000.0,2234000000.0,3402000000.0,1012000000.0,2390000000.0,,,,,,,,,,,,,,,,,,,,,,,,,,,,,,,,,,,,
2018-08-01,1082936000000.0,49871605430.645,343600000000.0,341700000000.0,321300000000.0,300000000.0,0.0,1600000000.0,5.1,16450975179.536,47722558.774,438199737.39000005,-456681164.834,1195559056.91,-194000000.0,25185159730.0,18184000000.0,7614000000.0,7025000000.0,567000000.0,193000000.0,10346000000.0,224000000.0,0.0,1790000000.0,201000000.0,708000000.0,2248000000.0,663000000.0,15000000.0,580000000.0,6501000000.0,1620000000.0,3054000000.0,14242000000.0,184000000.0,100000000.0,42000000.0,200000000.0,1823000000.0,4231000000.0,933000000.0,20693000000.0,2598000000.0,2353000000.0,2337000000.0,997000000.0,1341000000.0,,,,,,,,,,,,,,,,,,,,,,,,,,,,,,,,,,,,
2018-09-01,1083884000000.0,68972354323.54001,343600000000.0,341700000000.0,321300000000.0,300000000.0,0.0,1600000000.0,5.1,15677008827.664999,7650115145.696,372177095.22999996,13783731169.390001,1061962409.9699999,5859000000.0,32056208526.0,26652000000.0,17014000000.0,6655000000.0,511000000.0,163000000.0,9639000000.0,0.0,2407000000.0,1859000000.0,201000000.0,708000000.0,0.0,33000000.0,22000000.0,22000000.0,6456000000.0,1475000000.0,3068000000.0,13931000000.0,230000000.0,88000000.0,64000000.0,214000000.0,1675000000.0,1013000000.0,446000000.0,17329000000.0,3008000000.0,2148000000.0,2109000000.0,877000000.0,1231000000.0,125494666666.66667,21698333333.333332,8026000000.0,15249333333.333334,43798333333.333336,3312333333.3333335,128807000000.0,112738666666.66667,46988666666.666664,65750000000.0,23087000000.0,45029000.0,40808000.0,285916666666.6667,68100000000.0,150153333333.33334,5267956900.0,151395000000.0,56833000000.0,63380000000.0,121936666666.66667,107091666666.66667,31705000000.0,34045000000.0,1260333333.3333333,3394000000.0,5736000000.0,2082333333.3333333,2480000000.0,1342666666.6666665,483696800000.0,483374500000.0,25610333333.333332,26094666666.666668,18028333333.333332,22339000000.0
2018-10-01,1072771000000.0,48717955797.496,343600000000.0,341700000000.0,321300000000.0,300000000.0,0.0,1600000000.0,5.1,16119839999.562,-100538041.77,344836680.89000005,-228113851.013,958614274.54,-100000000.0,22590872109.0,17000000000.0,7238000000.0,6805000000.0,431000000.0,152000000.0,9471000000.0,292000000.0,72000000.0,3727000000.0,402000000.0,709000000.0,0.0,349000000.0,19000000.0,323000000.0,7076000000.0,2328000000.0,3237000000.0,14850000000.0,194000000.0,338000000.0,63000000.0,235000000.0,2358000000.0,691000000.0,-454000000.0,19329000000.0,2925000000.0,2436000000.0,3607000000.0,1091000000.0,2516000000.0,,,,,,,,,,,,,,,,,,,,,,,,,,,,,,,,,,,,
2018-11-01,1086349000000.0,48466344406.911,343600000000.0,341700000000.0,321300000000.0,300000000.0,0.0,1600000000.0,5.0,16265039372.757,-231471976.298,375223326.91,-395880031.26900005,952596913.96,-167000000.0,24558777666.0,17803000000.0,7246000000.0,6926000000.0,438000000.0,165000000.0,10442000000.0,114000000.0,0.0,0.0,0.0,708000000.0,2248000000.0,16000000.0,11000000.0,25000000.0,8058000000.0,2222000000.0,3892000000.0,14644000000.0,208000000.0,337000000.0,135000000.0,353000000.0,1912000000.0,1383000000.0,1070000000.0,18729000000.0,2540000000.0,3105000000.0,3681000000.0,1011000000.0,2669000000.0,,,,,,,,,,,,,,,,,,,,,,,,,,,,,,,,,,,,
2018-12-01,1070154000000.0,92976552337.56299,343600000000.0,341677000000.0,321307000000.0,292000000.0,0.0,1641000000.0,5.0,26023970304.767002,7845238074.75,417936572.21000004,15823257543.764,2044165726.67,6729000000.0,46993575102.0,34502000000.0,24720000000.0,12879000000.0,1006000000.0,184000000.0,8432000000.0,549000000.0,1762000000.0,2730000000.0,201000000.0,708000000.0,0.0,332000000.0,67000000.0,399000000.0,10844000000.0,4531000000.0,4682000000.0,7031000000.0,601000000.0,411000000.0,495000000.0,1116000000.0,3950000000.0,3016000000.0,173000000.0,13197000000.0,2280000000.0,5784000000.0,10857000000.0,2015000000.0,8843000000.0,139245333333.33334,25252000000.0,9002000000.0,18432000000.0,43678333333.333336,1263000000.0,140508333333.33334,122053333333.33333,51491666666.666664,70561666666.66667,23964000000.0,45259000.0,41059000.0,294120000000.0,62172333333.333336,166876333333.33334,5251060700.0,152868333333.33334,57655333333.333336,64992333333.333336,122621666666.66667,107872666666.66667,32053000000.0,38508666666.666664,1391666666.6666667,4027333333.3333335,6606666666.666667,5677666666.666667,2739666666.6666665,1400000000.0,647873800000.0,659026600000.0,27651000000.0,26144000000.0,20187000000.0,22347333333.333332
2019-01-01,1073740000000.0,49003863804.342,356400000000.0,350600000000.0,325500000000.0,300000000.0,0.0,5500000000.0,5.0,18456022971.342003,327337444.345,688424079.8100001,1116396568.365,2055935173.14,473000000.0,20728000000.0,17391000000.0,7978000000.0,6019000000.0,1019000000.0,303000000.0,9414000000.0,0.0,0.0,1973000000.0,209000000.0,721000000.0,0.0,30000000.0,24000000.0,23000000.0,7521000000.0,1349000000.0,3711000000.0,22576000000.0,226000000.0,340000000.0,19000000.0,1032000000.0,1519000000.0,5762000000.0,5485000000.0,25834000000.0,3664000000.0,1911000000.0,3236000000.0,442000000.0,2794000000.0,,,,,,,,,,,,,,,,,,,,,,,,,,,,,,,,,,,,
2019-02-01,1068461000000.0,55323587451.237,356400000000.0,350600000000.0,325500000000.0,300000000.0,0.0,5500000000.0,5.0,16611168530.668,-32618446.513,513528029.31,441872437.538,921706625.5899999,188000000.0,21856000000.0,20163000000.0,7890000000.0,7041000000.0,455000000.0,226000000.0,12235000000.0,37000000.0,0.0,5327000000.0,563000000.0,721000000.0,2248000000.0,13000000.0,14000000.0,32000000.0,6468000000.0,1479000000.0,2836000000.0,14280000000.0,173000000.0,108000000.0,26000000.0,133000000.0,1002000000.0,918000000.0,283000000.0,18341000000.0,2853000000.0,1907000000.0,1170000000.0,373000000.0,796000000.0,,,,,,,,,,,,,,,,,,,,,,,,,,,,,,,,,,,,
2019-03-01,1075607000000.0,70888065817.803,356400000000.0,350600000000.0,325500000000.0,300000000.0,0.0,5500000000.0,5.0,15856200147.324,8899209017.039999,240567446.56,15894984540.399,1160408944.28,6756000000.0,35817000000.0,26495000000.0,18537000000.0,6737000000.0,485000000.0,106000000.0,7960000000.0,-3000000.0,1860000000.0,1973000000.0,208000000.0,721000000.0,0.0,2449000000.0,25000000.0,182000000.0,6168000000.0,1173000000.0,3124000000.0,14464000000.0,159000000.0,139000000.0,72000000.0,204000000.0,1177000000.0,-118000000.0,-603000000.0,17655000000.0,2683000000.0,2174000000.0,1466000000.0,531000000.0,936000000.0,127053333333.33333,22847000000.0,5904666666.666667,15001000000.0,45605000000.0,5563000000.0,132616333333.33333,116797333333.33333,47244666666.666664,69552666666.66667,24073000000.0,44914000.0,40738000.0,291243333333.3333,72656666666.66667,148580000000.0,5294604400.0,153268666666.66666,58538000000.0,63367333333.333336,126076666666.66667,108790333333.33333,32896333333.333332,36656333333.333336,980000000.0,3793000000.0,5860666666.666667,2017333333.3333333,2019333333.3333333,1941000000.0,166765700000.0,164079400000.0,25994666666.666668,26210000000.0,18131000000.0,22442666666.666668
2019-04-01,1065547000000.0,52272074755.559,356400000000.0,350600000000.0,325500000000.0,300000000.0,0.0,5500000000.0,4.9,18071784040.111,-42878887.338,481437901.97,1509934166.451,1777268047.9099998,636000000.0,28121000000.0,18659000000.0,9387000000.0,7677000000.0,883000000.0,212000000.0,8986000000.0,288000000.0,0.0,1381000000.0,146000000.0,721000000.0,0.0,2298000000.0,12000000.0,129000000.0,6214000000.0,1917000000.0,2974000000.0,15110000000.0,214000000.0,373000000.0,59000000.0,147000000.0,1638000000.0,1330000000.0,719000000.0,18452000000.0,2770000000.0,2252000000.0,2667000000.0,858000000.0,1809000000.0,,,,,,,,,,,,,,,,,,,,,,,,,,,,,,,,,,,,
2019-05-01,1087918000000.0,52396076677.672,356400000000.0,350600000000.0,325500000000.0,300000000.0,0.0,5500000000.0,5.0,16867239890.751999,-37556004.948,478690916.93,309126510.478,2034384428.25,131000000.0,25441000000.0,18900000000.0,8422000000.0,7165000000.0,935000000.0,211000000.0,10256000000.0,220000000.0,0.0,1184000000.0,125000000.0,721000000.0,2248000000.0,244000000.0,18000000.0,27000000.0,6824000000.0,1687000000.0,3586000000.0,14494000000.0,165000000.0,159000000.0,75000000.0,239000000.0,1618000000.0,57000000.0,-453000000.0,18032000000.0,2828000000.0,2732000000.0,2153000000.0,844000000.0,1308000000.0,,,,,,,,,,,,,,,,,,,,,,,,,,,,,,,,,,,,
2019-06-01,1081378000000.0,80664839146.706,356400000000.0,350600000000.0,325500000000.0,300000000.0,0.0,5500000000.0,5.0,19497740369.15,8165613741.9140005,290047682.71000004,14250245016.303,6614478595.48,6063000000.0,37965000000.0,31075000000.0,21342000000.0,8284000000.0,2784000000.0,127000000.0,9734000000.0,1000000.0,1768000000.0,1907000000.0,209000000.0,720000000.0,0.0,9000000.0,24000000.0,82000000.0,6152000000.0,1861000000.0,2968000000.0,14346000000.0,169000000.0,148000000.0,49000000.0,296000000.0,1496000000.0,7309000000.0,6725000000.0,17594000000.0,2956000000.0,2082000000.0,2396000000.0,774000000.0,1623000000.0,131211333333.33333,22805000000.000004,8156000000.0,15569333333.333334,45302333333.333336,8858000000.0,140069333333.33334,122650000000.0,49520666666.666664,73129333333.33333,24267000000.0,45246000.0,41091000.0,288750000000.0,57923000000.0,155299666666.66666,4876085633.333333,155425666666.66666,59193666666.666664,62528000000.0,124220666666.66667,107508333333.33333,32248666666.666668,40880666666.666664,970000000.0,3892333333.3333335,6616000000.0,1839000000.0,2832333333.3333335,2633666666.6666665,335666400000.0,334989100000.0,27136666666.666668,26934666666.666668,19279000000.0,23003666666.666668
2019-07-01,1071495000000.0,53498477899.963,356400000000.0,350600000000.0,325500000000.0,300000000.0,0.0,5500000000.0,5.0,19067743658.496998,-38741369.843,336051061.01,-641874845.625,2675385906.82,-265000000.0,26837000000.0,19283000000.0,9626000000.0,7998000000.0,1765000000.0,148000000.0,9353000000.0,303000000.0,0.0,1973000000.0,209000000.0,721000000.0,0.0,428000000.0,66000000.0,428000000.0,7287000000.0,2338000000.0,3622000000.0,15700000000.0,204000000.0,478000000.0,79000000.0,298000000.0,2419000000.0,-781000000.0,-1331000000.0,19477000000.0,2840000000.0,2899000000.0,4023000000.0,1143000000.0,2880000000.0,,,,,,,,,,,,,,,,,,,,,,,,,,,,,,,,,,,,
2019-08-01,1084745000000.0,52670160822.283,356400000000.0,350600000000.0,325500000000.0,300000000.0,0.0,5500000000.0,5.0,18140241709.395,71138086.893,504495003.86,-487827294.452,1480673324.87,-219000000.0,25497000000.0,19091000000.0,8581000000.0,7722000000.0,822000000.0,222000000.0,10289000000.0,221000000.0,0.0,1973000000.0,209000000.0,721000000.0,2248000000.0,24000000.0,12000000.0,570000000.0,7005000000.0,1530000000.0,3443000000.0,14548000000.0,210000000.0,156000000.0,107000000.0,333000000.0,1973000000.0,4577000000.0,2244000000.0,19990000000.0,2797000000.0,2732000000.0,2638000000.0,1126000000.0,1511000000.0,,,,,,,,,,,,,,,,,,,,,,,,,,,,,,,,,,,,
2019-09-01,1085232000000.0,72851798348.74501,356400000000.0,350600000000.0,325500000000.0,300000000.0,0.0,5500000000.0,5.0,16459524593.139,7574051101.948,325569030.96,14743468656.477001,1160831795.28,6270000000.0,33468000000.0,28111000000.0,17775000000.0,6985000000.0,588000000.0,143000000.0,10326000000.0,9000000.0,2192000000.0,1973000000.0,208000000.0,721000000.0,0.0,9000000.0,19000000.0,23000000.0,7206000000.0,1478000000.0,3326000000.0,14515000000.0,200000000.0,169000000.0,80000000.0,158000000.0,1810000000.0,-163000000.0,-735000000.0,18219000000.0,2923000000.0,2421000000.0,2456000000.0,955000000.0,1502000000.0,133377666666.66667,22882000000.0,8600000000.0,16618666666.666666,46263333333.333336,452333333.3333333,133830000000.0,116863333333.33333,49056000000.0,67807333333.333336,24385666666.666668,45397000.0,41261000.0,297513333333.3333,68844666666.66667,157426666666.66666,5327686500.0,157003666666.66666,60531666666.666664,62383000000.0,125608666666.66667,108655333333.33333,33021000000.0,34786333333.333336,1120333333.3333333,3937333333.3333335,5977000000.0,2661333333.3333335,2083333333.3333333,1493333333.3333333,506495200000.0,504745700000.0,26768333333.333332,27572000000.0,18879000000.0,23544333333.333332
2019-10-01,1076109000000.0,49839078008.165,356400000000.0,350600000000.0,325500000000.0,300000000.0,0.0,5500000000.0,5.0,16314187140.725,-143719653.061,408112758.32000005,-32382654.568,1037654126.8299999,-15000000.0,24414000000.0,17257000000.0,7483000000.0,6918000000.0,472000000.0,180000000.0,9514000000.0,261000000.0,0.0,2643000000.0,313000000.0,721000000.0,0.0,416000000.0,12000000.0,23000000.0,7075000000.0,2170000000.0,3360000000.0,15006000000.0,250000000.0,395000000.0,81000000.0,251000000.0,2343000000.0,-14000000.0,-810000000.0,19214000000.0,2864000000.0,2548000000.0,3727000000.0,1154000000.0,2572000000.0,,,,,,,,,,,,,,,,,,,,,,,,,,,,,,,,,,,,
2019-11-01,1092420000000.0,51115032784.743004,356400000000.0,350600000000.0,325500000000.0,300000000.0,0.0,5500000000.0,5.0,17416264473.606003,-621609564.3149999,427098182.89,-262668891.99799997,996623810.9000001,-111000000.0,26044000000.0,18675000000.0,7655000000.0,7426000000.0,464000000.0,188000000.0,10817000000.0,203000000.0,0.0,0.0,0.0,721000000.0,2248000000.0,45000000.0,15000000.0,163000000.0,8541000000.0,2154000000.0,3796000000.0,14826000000.0,295000000.0,295000000.0,144000000.0,374000000.0,2026000000.0,774000000.0,333000000.0,18987000000.0,3187000000.0,3208000000.0,3687000000.0,1091000000.0,2598000000.0,,,,,,,,,,,,,,,,,,,,,,,,,,,,,,,,,,,,
2019-12-01,1078261000000.0,95346356263.518,356400000000.0,350600000000.0,325500000000.0,300000000.0,0.0,5500000000.0,5.0,26901962702.443,7893023906.859,451594041.41,16869733090.130001,2138288861.0899997,7171000000.0,50304000000.0,36175000000.0,25708000000.0,13339000000.0,1052000000.0,198000000.0,10060000000.0,407000000.0,1735000000.0,1010000000.0,121000000.0,721000000.0,0.0,411000000.0,68000000.0,344000000.0,11692000000.0,4689000000.0,5198000000.0,7268000000.0,702000000.0,434000000.0,471000000.0,561000000.0,3222000000.0,731000000.0,54000000.0,13168000000.0,1820000000.0,6269000000.0,8447000000.0,1892000000.0,6553000000.0,145229333333.33334,26499333333.333332,9389000000.0,19310333333.333332,46151666666.666664,776333333.3333334,146005666666.66666,127193666666.66667,53587666666.666664,73606000000.0,25471000000.0,45608000.0,41491000.0,301586666666.6667,58658666666.666664,173288999999.99997,5215375000.0,156884000000.0,60905333333.333336,64360666666.666664,125454666666.66667,109634666666.66667,33295333333.333332,40310666666.666664,1366333333.3333333,4550000000.0,6683333333.333333,4861000000.0,2415666666.6666665,1489333333.3333333,679929300000.0,688054800000.0,28918666666.666668,27616333333.333332,21044333333.333332,23558000000.0
2020-01-01,1086767000000.0,52767813854.52699,362000000000.0,351000000000.0,325000000000.0,300000000.0,0.0,10600000000.0,5.0,19271699385.648003,1071319148.379,975906105.88,1638664094.1320002,2591358319.78,695000000.0,20487000000.0,18330000000.0,9178000000.0,6238000000.0,1280000000.0,429000000.0,9134000000.0,19000000.0,0.0,4029000000.0,433000000.0,734000000.0,0.0,51000000.0,15000000.0,34000000.0,7789000000.0,1263000000.0,3801000000.0,22563000000.0,262000000.0,57000000.0,16000000.0,2027000000.0,1458000000.0,5045000000.0,4762000000.0,27235000000.0,3809000000.0,1908000000.0,2497000000.0,697000000.0,1800000000.0,,,,,,,,,,,,,,,,,,,,,,,,,,,,,,,,,,,,
2020-02-01,1098707000000.0,58947525969.038,362000000000.0,351000000000.0,325000000000.0,300000000.0,0.0,10600000000.0,5.0,17501536554.853,11148893.013,683615940.5500001,651964040.975,713388066.75,277000000.0,27121000000.0,21201000000.0,8363000000.0,7432000000.0,348000000.0,301000000.0,12788000000.0,49000000.0,0.0,2418000000.0,261000000.0,734000000.0,2248000000.0,14000000.0,4000000.0,16000000.0,6252000000.0,1357000000.0,2871000000.0,15049000000.0,148000000.0,36000000.0,39000000.0,208000000.0,1014000000.0,1318000000.0,529000000.0,18654000000.0,2980000000.0,1977000000.0,1257000000.0,435000000.0,822000000.0,,,,,,,,,,,,,,,,,,,,,,,,,,,,,,,,,,,,
2020-03-01,1100321000000.0,69634665826.38899,484500000000.0,317500000000.0,291500000000.0,300000000.0,156000000000.0,10600000000.0,5.0,16615623779.073,7412163832.409,812757917.6600001,16420206770.14,1761791903.72,6979000000.0,37841000000.0,25493000000.0,18929000000.0,7052000000.0,834000000.0,358000000.0,6564000000.0,0.0,2405000000.0,1208000000.0,130000000.0,734000000.0,0.0,5861000000.0,24000000.0,272000000.0,7075000000.0,2151000000.0,3490000000.0,15078000000.0,649000000.0,156000000.0,72000000.0,229000000.0,1472000000.0,-473000000.0,-1016000000.0,19833000000.0,2838000000.0,2617000000.0,2053000000.0,695000000.0,1358000000.0,135470666666.66667,23846333333.333332,6454666666.666667,16516666666.666666,48079000000.0,1061000000.0,136531666666.66667,119703666666.66667,49053666666.666664,70650000000.0,25316666666.666668,45179000.0,41091000.0,293780000000.0,66703333333.333336,153138000000.0,5200064066.666667,150959333333.33334,62168666666.666664,65893333333.333336,121890666666.66667,107059666666.66667,32430333333.333332,38219666666.666664,1102666666.6666667,5218000000.0,6324666666.666667,1960000000.0,1793666666.6666667,2263000000.0,175867000000.0,168938600000.0,26859333333.333332,27540666666.666668,18666333333.333332,23609666666.666668
2020-04-01,1098095000000.0,39030259553.96001,484500000000.0,317500000000.0,291500000000.0,300000000.0,156000000000.0,10600000000.0,5.8,17542194006.819,-2481360259.2330003,553136173.8,-713445034.318,1406410600.8899999,-305000000.0,19531000000.0,12070000000.0,6808000000.0,7456000000.0,653000000.0,243000000.0,4981000000.0,281000000.0,0.0,2015000000.0,216000000.0,784000000.0,0.0,609000000.0,12000000.0,37000000.0,7017000000.0,1687000000.0,3398000000.0,30470000000.0,854000000.0,103000000.0,63000000.0,270000000.0,1515000000.0,421000000.0,-108000000.0,34483000000.0,2824000000.0,2800000000.0,2252000000.0,826000000.0,1426000000.0,,,,,,,,,,,,,,,,,,,,,,,,,,,,,,,,,,,,
2020-05-01,1157124000000.0,41986612611.873,484500000000.0,317500000000.0,291500000000.0,300000000.0,156000000000.0,10600000000.0,6.2,15135478836.621,-224706437.639,349058733.49,-998821586.4330001,1297283885.77,-424000000.0,13998000000.0,14521000000.0,6662000000.0,6412000000.0,633000000.0,154000000.0,7662000000.0,197000000.0,0.0,3022000000.0,349000000.0,746000000.0,2248000000.0,-2557000000.0,19000000.0,15000000.0,6477000000.0,1649000000.0,3006000000.0,15620000000.0,4037000000.0,59000000.0,64000000.0,184000000.0,1637000000.0,-1174000000.0,-1680000000.0,23203000000.0,2807000000.0,2189000000.0,1985000000.0,829000000.0,1156000000.0,,,,,,,,,,,,,,,,,,,,,,,,,,,,,,,,,,,,
2020-06-01,1195694000000.0,65343053778.19299,508500000000.0,290400000000.0,264400000000.0,300000000.0,217800000000.0,0.0,6.4,18082502175.479,5054282681.218,281550388.3,12345265294.842999,2520143799.94,5250000000.0,30304000000.0,24241000000.0,16687000000.0,7688000000.0,1100000000.0,124000000.0,7555000000.0,-1000000.0,2473000000.0,71000000.0,152000000.0,746000000.0,0.0,7000000.0,30000000.0,-61000000.0,6927000000.0,2052000000.0,3314000000.0,14723000000.0,4269000000.0,186000000.0,65000000.0,357000000.0,1698000000.0,6779000000.0,6031000000.0,22395000000.0,2974000000.0,2544000000.0,2851000000.0,813000000.0,2038000000.0,148073333333.33334,23739000000.0,9315000000.0,18558000000.0,49746333333.333336,-18784000000.0,129289333333.33333,113495666666.66667,49492333333.333336,64003333333.333336,23987666666.666668,44777000.0,40726000.0,265056666666.66666,43046999999.99999,150281333333.33334,4483651666.666667,135314333333.33333,63623333333.333336,60257000000.0,95705000000.0,84919333333.33333,30619666666.666668,33383666666.666668,1185000000.0,10914999999.999998,7176000000.0,2499666666.6666665,2175333333.3333335,1762333333.3333333,362582200000.0,344859600000.0,27366000000.0,27625000000.0,19171666666.666668,23629666666.666668
2020-07-01,1221923000000.0,53343940472.346,508500000000.0,290400000000.0,264400000000.0,300000000.0,217800000000.0,0.0,6.4,18010914147.068,-262528547.19399998,472011850.6,-244192342.349,3853649050.49,-100000000.0,25830000000.0,17592000000.0,9371000000.0,7677000000.0,1716000000.0,207000000.0,8030000000.0,191000000.0,0.0,1226000000.0,130000000.0,747000000.0,0.0,1023000000.0,73000000.0,583000000.0,7693000000.0,1873000000.0,3777000000.0,22104000000.0,2193000000.0,102000000.0,103000000.0,271000000.0,1906000000.0,-1712000000.0,-2060000000.0,26804000000.0,2977000000.0,3051000000.0,3820000000.0,1121000000.0,2700000000.0,,,,,,,,,,,,,,,,,,,,,,,,,,,,,,,,,,,,
2020-08-01,1262562000000.0,51442792117.33,508500000000.0,290400000000.0,264400000000.0,300000000.0,217800000000.0,0.0,6.3,16938511145.135998,9100610.773,521508267.53000003,-264574699.189,1359025928.0900002,-119000000.0,21469000000.0,17184000000.0,8112000000.0,7199000000.0,797000000.0,230000000.0,8940000000.0,132000000.0,0.0,815000000.0,130000000.0,3246000000.0,2248000000.0,9000000.0,32000000.0,1000000.0,7304000000.0,1932000000.0,3543000000.0,17605000000.0,1136000000.0,100000000.0,49000000.0,226000000.0,1835000000.0,1934000000.0,1415000000.0,20561000000.0,2847000000.0,2783000000.0,4496000000.0,887000000.0,3608000000.0,,,,,,,,,,,,,,,,,,,,,,,,,,,,,,,,,,,,
2020-09-01,1282557000000.0,63520830523.022,508500000000.0,290400000000.0,264400000000.0,300000000.0,217800000000.0,0.0,6.3,12521056714.222,5664249837.14,467884370.68,14001091684.726,1093992602.4199998,5952000000.0,26720000000.0,20211000000.0,13078000000.0,3531000000.0,558000000.0,206000000.0,7132000000.0,1000000.0,1652000000.0,1595000000.0,174000000.0,746000000.0,0.0,38000000.0,42000000.0,16000000.0,7794000000.0,1704000000.0,3667000000.0,16833000000.0,2193000000.0,103000000.0,66000000.0,260000000.0,1690000000.0,-1800000000.0,-2367000000.0,21724000000.0,2670000000.0,2603000000.0,4018000000.0,821000000.0,3197000000.0,145523000000.0,23740666666.666668,9220666666.666666,18125333333.333332,50667000000.0,-17632666666.666668,127890333333.33333,111370666666.66667,49888333333.333336,61482333333.333336,26176666666.666668,44849000.0,40830000.0,290423333333.3333,62946666666.666664,156038333333.33334,4953022966.666667,148801000000.0,65123333333.333336,58771666666.666664,112266333333.33333,95332000000.0,29745000000.0,31737333333.333332,1209333333.3333333,6822333333.333333,6578000000.0,2441666666.6666665,1810333333.3333333,1421333333.3333333,558103800000.0,526736300000.00006,27563000000.0,28832333333.333332,19369666666.666668,24684666666.666668
2020-10-01,1278683000000.0,45453730381.708,508500000000.0,290400000000.0,264400000000.0,300000000.0,217800000000.0,0.0,6.2,14586639306.452,66567728.91200001,366085250.65,-234245556.326,1394140066.72,-101000000.0,22025000000.0,14658000000.0,7663000000.0,7014000000.0,557000000.0,161000000.0,6783000000.0,212000000.0,0.0,1993000000.0,216000000.0,747000000.0,0.0,622000000.0,27000000.0,4000000.0,7760000000.0,1933000000.0,3566000000.0,18459000000.0,802000000.0,67000000.0,68000000.0,327000000.0,2184000000.0,7014000000.0,-838000000.0,27275000000.0,3290000000.0,2864000000.0,5998000000.0,937000000.0,5061000000.0,,,,,,,,,,,,,,,,,,,,,,,,,,,,,,,,,,,,
2020-11-01,1288444000000.0,47544929495.601,508500000000.0,290400000000.0,264400000000.0,300000000.0,217800000000.0,0.0,6.1,16424978396.005001,-130139245.81300001,535069709.47,-127637957.03799999,1492021193.92,-54000000.0,18663000000.0,16324000000.0,8885000000.0,7988000000.0,779000000.0,235000000.0,7281000000.0,157000000.0,0.0,4347000000.0,78000000.0,746000000.0,2248000000.0,11000000.0,22000000.0,115000000.0,8946000000.0,2939000000.0,4107000000.0,18906000000.0,791000000.0,319000000.0,143000000.0,399000000.0,2299000000.0,28431000000.0,223000000.0,50528000000.0,3289000000.0,3320000000.0,5764000000.0,1330000000.0,4435000000.0,,,,,,,,,,,,,,,,,,,,,,,,,,,,,,,,,,,,
2020-12-01,1271984000000.0,93335437407.791,508500000000.0,290400000000.0,264400000000.0,300000000.0,217800000000.0,0.0,6.1,26655267877.440002,8077351946.495,744752739.68,16507801702.772001,3000747638.63,7017000000.0,47096000000.0,34153000000.0,26276000000.0,13388000000.0,1506000000.0,328000000.0,7541000000.0,336000000.0,2221000000.0,2877000000.0,204000000.0,747000000.0,0.0,1575000000.0,64000000.0,310000000.0,14445000000.0,8105000000.0,6931000000.0,10955000000.0,1667000000.0,495000000.0,721000000.0,751000000.0,4253000000.0,2802000000.0,1522000000.0,19358000000.0,2104000000.0,7714000000.0,13357000000.0,2201000000.0,11155000000.0,158861000000.0,27589000000.0,10238333333.333334,22426666666.666668,49984000000.0,-15021333333.333334,143839666666.66666,124876666666.66667,54263333333.333336,70613333333.33333,26156000000.0,45057000.0,41059000.0,300980000000.0,58836000000.0,173804333333.33334,5051876900.0,146992333333.33334,65433000000.0,64137000000.0,118104000000.0,100185666666.66667,30963000000.0,39650333333.333336,1522333333.3333333,8295333333.333333,7452333333.333333,5133666666.666667,1684000000.0,1306000000.0,748579700000.0,720670400000.0,29659333333.333332,28868333333.333332,21458333333.333332,24626333333.333332
2021-01-01,1286925000000.0,47015445219.614,498600000000.0,318600000000.0,292800000000.0,200000000.0,179800000000.0,0.0,6.0,18028798843.203,1518842655.99,988304969.32,1615745913.8799999,1623347904.48,686000000.0,17147000000.0,15363000000.0,8123000000.0,5490000000.0,753000000.0,435000000.0,7182000000.0,58000000.0,0.0,3402000000.0,480000000.0,772000000.0,0.0,25000000.0,28000000.0,96000000.0,8350000000.0,1350000000.0,3823000000.0,37227000000.0,1287000000.0,60000000.0,49000000.0,789000000.0,1054000000.0,4054000000.0,3756000000.0,38845000000.0,3936000000.0,1965000000.0,5381000000.0,312000000.0,5070000000.0,,,,,,,,,,,,,,,,,,,,,,,,,,,,,,,,,,,,
2021-02-01,1308880000000.0,54674465690.381,498600000000.0,318600000000.0,292800000000.0,200000000.0,179800000000.0,0.0,6.1,16873968581.526001,1103344796.0,1408480907.72,767811783.302,747182874.03,326000000.0,20519000000.0,19112000000.0,8976000000.0,7076000000.0,403000000.0,620000000.0,10059000000.0,77000000.0,0.0,5495000000.0,776000000.0,773000000.0,2248000000.0,10000000.0,19000000.0,15000000.0,5942000000.0,1154000000.0,2889000000.0,23077000000.0,2261000000.0,68000000.0,61000000.0,195000000.0,1527000000.0,1190000000.0,433000000.0,25788000000.0,3051000000.0,2051000000.0,4111000000.0,247000000.0,3863000000.0,,,,,,,,,,,,,,,,,,,,,,,,,,,,,,,,,,,,
2021-03-01,1325766000000.0,70284097537.182,547700000000.0,307300000000.0,284000000000.0,200000000.0,240200000000.0,0.0,6.0,15951175452.998,7580679983.54,841002024.3199999,15442790171.147,2034770085.13,6564000000.0,30400000000.0,26512000000.0,18388000000.0,6746000000.0,916000000.0,370000000.0,8123000000.0,1000000.0,2322000000.0,1832000000.0,259000000.0,772000000.0,0.0,14000000.0,36000000.0,213000000.0,7481000000.0,1935000000.0,3543000000.0,25522000000.0,1316000000.0,131000000.0,106000000.0,278000000.0,1388000000.0,1702000000.0,-4186091000.0,30223000000.0,2886000000.0,2559000000.0,5354000000.0,326000000.0,5028000000.0,148784000000.0,24646000000.0,6499333333.333333,18754000000.0,52525000000.0,-11951333333.333334,136832666666.66667,119827000000.0,49777333333.333336,70049666666.66667,26022666666.666668,44589000.0,40611000.0,295863333333.3333,73473000000.0,152107333333.33334,5067954633.333333,145047666666.66666,65913000000.0,67537333333.333336,123495666666.66667,105722333333.33333,32375333333.333332,37674333333.333336,1390333333.3333335,8884333333.333334,6814000000.0,2956000000.0,1760666666.6666667,949000000.0,196853800000.0,186450800000.0,27688666666.666668,28682666666.666668,19117000000.0,24599666666.666668
2021-04-01,1331843000000.0,51471448387.382996,547700000000.0,307300000000.0,284000000000.0,200000000.0,240200000000.0,0.0,6.0,18438942490.065998,1249912697.45,838248211.99,317726939.296,1315348882.3200002,134000000.0,24832000000.0,18404000000.0,9618000000.0,7812000000.0,679000000.0,368000000.0,8490000000.0,296000000.0,-20000000.0,2093000000.0,296000000.0,772000000.0,0.0,1023000000.0,18000000.0,26000000.0,6886000000.0,1706000000.0,3518000000.0,22456000000.0,943000000.0,164000000.0,132000000.0,247000000.0,1513000000.0,70000000.0,2336091000.0,25234000000.0,2908000000.0,2853000000.0,3378000000.0,432000000.0,2946000000.0,,,,,,,,,,,,,,,,,,,,,,,,,,,,,,,,,,,,
2021-05-01,1364813000000.0,50011704466.652,547700000000.0,307300000000.0,284000000000.0,200000000.0,240200000000.0,0.0,6.0,13917999160.45,-21211598.77,695450663.77,-217868719.967,2283344037.85,-92000000.0,20403000000.0,16688000000.0,5669000000.0,4459000000.0,1007000000.0,306000000.0,10814000000.0,206000000.0,0.0,2356000000.0,332000000.0,773000000.0,2248000000.0,439000000.0,19000000.0,14000000.0,6826000000.0,2017000000.0,3415000000.0,22844000000.0,2178000000.0,185000000.0,95000000.0,623000000.0,1533000000.0,1333000000.0,941000000.0,27014000000.0,2894000000.0,2649000000.0,4234000000.0,423000000.0,3811000000.0,,,,,,,,,,,,,,,,,,,,,,,,,,,,,,,,,,,,
2021-06-01,1379904000000.0,73759270292.147,547700000000.0,307300000000.0,284000000000.0,200000000.0,240200000000.0,0.0,5.8,18425884541.026997,7631711794.36,516639489.76000005,14246707513.074,4989116719.2,6057000000.0,33687000000.0,29173000000.0,21579000000.0,9268000000.0,2211000000.0,228000000.0,7592000000.0,1000000.0,2893000000.0,1389000000.0,259000000.0,772000000.0,0.0,30000000.0,21000000.0,-116000000.0,7384000000.0,2968000000.0,3519000000.0,23055000000.0,1216000000.0,139000000.0,158000000.0,474000000.0,1809000000.0,7294000000.0,5930000000.0,27176000000.0,3156000000.0,2891000000.0,5025000000.0,559000000.0,4466000000.0,152667000000.0,24686333333.333332,8733666666.666666,19204000000.0,51389333333.333336,-11847666666.666666,140819333333.33334,123496666666.66667,52053666666.666664,71443000000.0,27508333333.333332,44882000.0,40927000.0,298726666666.6667,64114666666.666664,158259333333.33334,4804105333.333333,149275666666.66666,68193000000.0,68093666666.666664,127170333333.33333,109664666666.66667,32938333333.333332,38504666666.666664,1496000000.0,8719333333.333334,7824666666.666667,2620666666.6666665,2069666666.6666667,1780333333.3333333,394071000000.0,373348400000.0,28795333333.333332,28828666666.666668,20222000000.0,24635000000.0
2021-07-01,1389439000000.0,60023244304.675995,547700000000.0,307300000000.0,284000000000.0,200000000.0,240200000000.0,0.0,5.6,19450271690.684,655515561.9100001,684493941.8800001,494720293.854,3577304977.8900003,208000000.0,29381000000.0,22857000000.0,11112000000.0,8303000000.0,1972000000.0,301000000.0,11464000000.0,281000000.0,0.0,1346000000.0,185000000.0,772000000.0,0.0,615000000.0,52000000.0,538000000.0,8968000000.0,1834000000.0,3302000000.0,24958000000.0,1066000000.0,56000000.0,118000000.0,318000000.0,2144000000.0,-2076000000.0,-2392000000.0,29315000000.0,3083000000.0,2964000000.0,4525000000.0,445000000.0,4080000000.0,,,,,,,,,,,,,,,,,,,,,,,,,,,,,,,,,,,,
2021-08-01,1411322000000.0,55676197199.903,547700000000.0,307300000000.0,284000000000.0,200000000.0,240200000000.0,0.0,5.5,17679784925.35,452564109.96,675127223.8199999,606649113.2340001,1694732415.11,254000000.0,23590000000.0,19722000000.0,9380000000.0,7560000000.0,1042000000.0,297000000.0,10130000000.0,211000000.0,0.0,2317000000.0,369000000.0,773000000.0,2248000000.0,8000000.0,26000000.0,39000000.0,7873000000.0,2189000000.0,4009000000.0,20469000000.0,753000000.0,172000000.0,118000000.0,319000000.0,1979000000.0,302000000.0,-155000000.0,24577000000.0,2990000000.0,3138000000.0,3584000000.0,501000000.0,3083000000.0,,,,,,,,,,,,,,,,,,,,,,,,,,,,,,,,,,,,
2021-09-01,1413813000000.0,78211039721.745,547700000000.0,307300000000.0,284000000000.0,200000000.0,240200000000.0,0.0,5.4,16727180224.396,8744716436.16,803482919.22,16875719350.573,1511528378.58,7176000000.0,33112000000.0,29238000000.0,19759000000.0,7096000000.0,761000000.0,354000000.0,9479000000.0,1000000.0,2458000000.0,2584000000.0,370000000.0,772000000.0,0.0,11000000.0,30000000.0,27000000.0,8012000000.0,2165000000.0,3741000000.0,20276000000.0,690000000.0,123000000.0,137000000.0,483000000.0,2336000000.0,14834000000.0,-1744000000.0,40820000000.0,3183000000.0,2761000000.0,3877000000.0,508000000.0,3369000000.0,151285666666.66666,24622000000.0,9142000000.0,19729333333.333332,50074666666.666664,-8163000000.0,143122666666.66666,125054666666.66667,51901333333.333336,73153333333.33333,27659666666.666668,45200000.0,41269000.0,310770000000.0,70415000000.0,163609333333.33334,5089642000.0,157488000000.0,68765333333.33333,68737000000.0,129501666666.66667,114374666666.66667,35000333333.333336,38153000000.0,1694000000.0,7085333333.333333,7287666666.666667,4087333333.3333335,1662666666.6666667,1396333333.3333333,587668100000.0,558285000000.0,28511666666.666668,29041000000.0,19980333333.333332,24817666666.666668
2021-10-01,1417342000000.0,53424915250.081,547700000000.0,307300000000.0,284000000000.0,200000000.0,240200000000.0,0.0,5.3,17148569853.574999,-160679217.41000003,753881797.29,1307751648.926,1441599784.23,554000000.0,22148000000.0,16015000000.0,6630000000.0,5127000000.0,699000000.0,331000000.0,9092000000.0,292000000.0,0.0,2951000000.0,369000000.0,772000000.0,0.0,616000000.0,18000000.0,157000000.0,7856000000.0,2204000000.0,4048000000.0,21252000000.0,626000000.0,141000000.0,96000000.0,335000000.0,2509000000.0,-96000000.0,-601000000.0,24299000000.0,3015000000.0,3341000000.0,4848000000.0,532000000.0,4316000000.0,,,,,,,,,,,,,,,,,,,,,,,,,,,,,,,,,,,,
2021-11-01,1438685000000.0,54867212259.76,572700000000.0,332300000000.0,284000000000.0,200000000.0,240200000000.0,0.0,5.2,17646149499.299,1964831624.3400002,667821809.73,1129201344.2510002,1351218277.8,480000000.0,22047000000.0,18753000000.0,9937000000.0,7492000000.0,689000000.0,294000000.0,8586000000.0,230000000.0,0.0,2621000000.0,370000000.0,772000000.0,2248000000.0,16000000.0,19000000.0,30000000.0,9393000000.0,3035000000.0,4006000000.0,18753000000.0,3354000000.0,452000000.0,199000000.0,569000000.0,7309000000.0,450000000.0,-66000000.0,26628000000.0,3434000000.0,3349000000.0,7711000000.0,668000000.0,7043000000.0,,,,,,,,,,,,,,,,,,,,,,,,,,,,,,,,,,,,
2021-12-01,1438403000000.0,111534438265.309,572700000000.0,332300000000.0,284000000000.0,200000000.0,240200000000.0,0.0,5.2,28118420903.54,11403683958.289999,1156240251.52,19759173371.72,5128028537.74,8399000000.0,63751000000.0,45958000000.0,33416000000.0,16242000000.0,2563000000.0,509000000.0,12115000000.0,428000000.0,2418000000.0,297000000.0,351000000.0,963000000.0,0.0,2535000000.0,60000000.0,265000000.0,15428000000.0,6428000000.0,6737000000.0,21244000000.0,1269000000.0,579000000.0,684000000.0,1075000000.0,4680000000.0,60375000000.0,-397000000.0,108070000000.0,1962000000.0,8149000000.0,-6246000000.0,1508000000.0,-7754000000.0,169203000000.0,28461000000.0,10869666666.666666,23556666666.666668,49402333333.333336,-6914666666.666667,162288333333.33334,141308666666.66666,57040000000.0,84268666666.66667,28367000000.0,45493000.0,41581000.0,322086666666.6667,67036666666.666664,182105000000.00003,5175010866.666667,160972333333.33334,69535666666.66667,72944666666.66667,138520000000.0,127031000000.0,36577000000.0,47691666666.666664,2302000000.0,11120333333.333332,8273666666.666667,7532000000.0,1759000000.0,1232666666.6666667,779703200000.0,774165400000.0,30939333333.333332,29128333333.333332,22403666666.666668,24852000000.0
2022-01-01,1447443000000.0,57559081334.781,572700000000.0,332300000000.0,284000000000.0,200000000.0,240200000000.0,0.0,5.1,19945058779.055,1502333557.8999999,926267375.72,2019188048.255,1760851285.2700002,856000000.0,22840000000.0,20612000000.0,9168000000.0,6280000000.0,873000000.0,408000000.0,11363000000.0,81000000.0,0.0,2388000000.0,395000000.0,944000000.0,0.0,34000000.0,66000000.0,64000000.0,8215000000.0,942000000.0,3827000000.0,28182000000.0,2105000000.0,90000000.0,76000000.0,780000000.0,1428000000.0,3585000000.0,3294000000.0,32595000000.0,4031000000.0,1877000000.0,3310000000.0,179000000.0,3131000000.0,,,,,,,,,,,,,,,,,,,,,,,,,,,,,,,,,,,,
2022-02-01,1456978000000.0,63163086853.155,572700000000.0,332300000000.0,284000000000.0,200000000.0,240200000000.0,0.0,5.1,18266380667.694,296217450.05,1090846018.37,1400420925.139,994779623.12,595000000.0,28213000000.0,23410000000.0,9612000000.0,7817000000.0,515000000.0,480000000.0,13625000000.0,173000000.0,0.0,3103000000.0,513000000.0,842000000.0,2248000000.0,11000000.0,25000000.0,57000000.0,6951000000.0,1447000000.0,3279000000.0,21578000000.0,2101000000.0,60000000.0,42000000.0,232000000.0,1135000000.0,848000000.0,27000000.0,26583000000.0,3233000000.0,2493000000.0,2024000000.0,250000000.0,1773000000.0,,,,,,,,,,,,,,,,,,,,,,,,,,,,,,,,,,,,
2022-03-01,1466774000000.0,82407750153.79,572700000000.0,332300000000.0,284000000000.0,200000000.0,240200000000.0,0.0,5.0,17994513591.697998,9379220770.53,779600231.49,17495178930.902,2361975055.89,7437000000.0,36338000000.0,31964000000.0,21201000000.0,7645000000.0,1144000000.0,343000000.0,10762000000.0,1000000.0,2415000000.0,1671000000.0,277000000.0,812000000.0,0.0,17000000.0,43000000.0,218000000.0,7589000000.0,1812000000.0,3698000000.0,23165000000.0,2107000000.0,164000000.0,65000000.0,859000000.0,1398000000.0,-1168000000.0,-1724000000.0,28087000000.0,3008000000.0,3040000000.0,3493000000.0,434000000.0,3060000000.0,149460000000.0,26303333333.333332,6925000000.0,19624666666.666668,51120000000.0,98000000.0,149558000000.0,132489000000.0,52493333333.333336,79995666666.66667,29233333333.333332,45249000.0,41358000.0,324380000000.0,75975333333.33333,163303000000.0,5235211033.333333,168802000000.0,71644000000.0,72517000000.0,144489666666.66666,133530333333.33333,37069333333.333336,42926333333.333336,1693666666.6666667,4582333333.333333,6656333333.333333,3325000000.0,1764666666.6666667,936666666.6666666,201183100000.0,194808100000.0,28894666666.666668,28947000000.0,20199666666.666668,24856000000.0
2022-04-01,1464641000000.0,56555106282.597,572700000000.0,332300000000.0,284000000000.0,200000000.0,240200000000.0,0.0,5.0,20221036310.827,1222827162.9,679349978.34,555071316.56,1532538773.0700002,234000000.0,27228000000.0,20839000000.0,10514000000.0,8584000000.0,785000000.0,298000000.0,9959000000.0,367000000.0,0.0,2387000000.0,395000000.0,822000000.0,0.0,1142000000.0,30000000.0,26000000.0,6727000000.0,1814000000.0,3390000000.0,23048000000.0,1806000000.0,36000000.0,55000000.0,424000000.0,1463000000.0,4364000000.0,3677000000.0,28044000000.0,2994000000.0,2823000000.0,1798000000.0,444000000.0,1353000000.0,,,,,,,,,,,,,,,,,,,,,,,,,,,,,,,,,,,,
2022-05-01,1486361000000.0,54992423586.256,572700000000.0,332300000000.0,284000000000.0,200000000.0,240200000000.0,0.0,5.0,19192814277.706,152496749.82999998,507380383.97,486640358.68,2279706858.25,208000000.0,24165000000.0,20148000000.0,9712000000.0,8119000000.0,1086000000.0,224000000.0,10174000000.0,261000000.0,0.0,2388000000.0,394000000.0,786000000.0,2248000000.0,440000000.0,35000000.0,7000000.0,7438000000.0,1844000000.0,3687000000.0,21166000000.0,1239000000.0,226000000.0,80000000.0,1078000000.0,1644000000.0,951000000.0,632000000.0,25955000000.0,3058000000.0,3633000000.0,2554000000.0,437000000.0,2118000000.0,,,,,,,,,,,,,,,,,,,,,,,,,,,,,,,,,,,,
2022-06-01,1495895000000.0,93192818903.037,495800000000.0,356200000000.0,328400000000.0,200000000.0,138900000000.0,500000000.0,5.3,20949224050.506,9871134969.25,249519426.29,16151792932.189999,7771139352.02,6866000000.0,36779000000.0,36544000000.0,24257000000.0,8855000000.0,3490000000.0,110000000.0,12284000000.0,2000000.0,3234000000.0,2387000000.0,395000000.0,4486000000.0,0.0,30000000.0,39000000.0,-117000000.0,7938000000.0,2048000000.0,3691000000.0,18824000000.0,879000000.0,152000000.0,92000000.0,1781000000.0,2010000000.0,2770000000.0,2208000000.0,25193000000.0,3292000000.0,3312000000.0,2400000000.0,417000000.0,1983000000.0,152697333333.33334,25577000000.0,9447333333.333334,20091666666.666668,50171666666.666664,1046666666.6666666,153744000000.0,134807000000.0,54832000000.0,79975000000.0,29513333333.333332,45561000.0,41690000.0,325376666666.6667,63644666666.666664,167843333333.33334,4830164500.0,172560666666.66666,72225000000.0,77245333333.33333,149335333333.33334,141608666666.66666,35555000000.0,44419999999.99999,1533666666.6666667,4003666666.6666665,8024000000.0,3303666666.6666665,2637666666.6666665,2419000000.0,399650000000.0,395712900000.0,30013333333.333332,29046000000.0,21326000000.0,24881333333.333332
2022-07-01,1492192000000.0,60179050477.413994,495800000000.0,356200000000.0,328400000000.0,200000000.0,138900000000.0,500000000.0,5.4,17707643795.881,307959211.53,427060229.47999996,204437867.41,6723637234.84,85000000.0,27818000000.0,21972000000.0,10445000000.0,6601000000.0,3417000000.0,187000000.0,11170000000.0,358000000.0,0.0,2388000000.0,395000000.0,797000000.0,0.0,616000000.0,66000000.0,522000000.0,8047000000.0,2193000000.0,3642000000.0,21371000000.0,1084000000.0,56000000.0,55000000.0,443000000.0,2148000000.0,6093000000.0,5579000000.0,26561000000.0,3106000000.0,3210000000.0,2875000000.0,520000000.0,2355000000.0,,,,,,,,,,,,,,,,,,,,,,,,,,,,,,,,,,,,
2022-08-01,1507064000000.0,54211817133.712,495800000000.0,356200000000.0,328400000000.0,200000000.0,138900000000.0,500000000.0,5.5,17981463564.782,-119485077.89,346370869.08,537863037.42,1417418939.75,229000000.0,24412000000.0,21578000000.0,10067000000.0,8613000000.0,1132000000.0,153000000.0,11261000000.0,251000000.0,0.0,2417000000.0,395000000.0,810000000.0,2248000000.0,29000000.0,28000000.0,12000000.0,9189000000.0,2170000000.0,4494000000.0,20700000000.0,2115000000.0,196000000.0,128000000.0,290000000.0,1965000000.0,8059000000.0,1687000000.0,32501000000.0,3051000000.0,3727000000.0,3827000000.0,578000000.0,3249000000.0,,,,,,,,,,,,,,,,,,,,,,,,,,,,,,,,,,,,
2022-09-01,1493679000000.0,71160777816.015,495800000000.0,356200000000.0,328400000000.0,200000000.0,138900000000.0,500000000.0,5.5,7741418766.085,10535241064.96,438204232.03000003,16855865666.3,1280051293.81,7166000000.0,28865000000.0,27754000000.0,16529000000.0,3262000000.0,641000000.0,193000000.0,11223000000.0,0.0,2512000000.0,4101000000.0,790000000.0,786000000.0,0.0,12000000.0,23000000.0,118000000.0,8662000000.0,1674000000.0,4367000000.0,18742000000.0,1447000000.0,242000000.0,161000000.0,518000000.0,1991000000.0,74000000.0,-486000000.0,24472000000.0,3305000000.0,3345000000.0,2632000000.0,476000000.0,2156000000.0,160584333333.33334,25348666666.666668,10330333333.333334,20638666666.666668,52739000000.0,-10338666666.666666,150245666666.66666,132000666666.66667,54735666666.666664,77265000000.0,28981666666.666668,45725000.0,41873000.0,334126666666.6667,74938666666.66667,171431000000.0,5235925300.0,176829666666.6667,72082000000.0,79523333333.33333,155828333333.33334,150366333333.33334,35671333333.333336,41593666666.666664,1407333333.3333335,4636666666.666667,11507000000.0,4276000000.0,2168666666.6666665,1386666666.6666667,598743200000.0,590928700000.0,29761333333.333332,30868666666.666668,20963666666.666668,26466666666.666668
2022-10-01,1498197000000.0,56673347197.953,495800000000.0,356200000000.0,328400000000.0,200000000.0,138900000000.0,500000000.0,5.5,19375333536.720997,592708223.35,390061374.14000005,1204122180.3999999,1113842415.1000001,509000000.0,26674000000.0,21025000000.0,9747000000.0,8219000000.0,550000000.0,171000000.0,10934000000.0,345000000.0,0.0,1047000000.0,395000000.0,787000000.0,0.0,612000000.0,28000000.0,82000000.0,9118000000.0,2342000000.0,4659000000.0,19497000000.0,1072000000.0,206000000.0,97000000.0,319000000.0,2495000000.0,3710000000.0,307000000.0,28709000000.0,3165000000.0,3279000000.0,3383000000.0,515000000.0,2868000000.0,,,,,,,,,,,,,,,,,,,,,,,,,,,,,,,,,,,,
2022-11-01,1530613000000.0,55945159006.619995,495800000000.0,356200000000.0,328400000000.0,200000000.0,138900000000.0,500000000.0,5.5,18274565027.19,125238378.53,267668749.56000003,571431867.02,1197320397.57,243000000.0,28020000000.0,20984000000.0,8808000000.0,7742000000.0,644000000.0,118000000.0,11934000000.0,242000000.0,0.0,0.0,0.0,786000000.0,2248000000.0,45000000.0,61000000.0,47000000.0,10820000000.0,2666000000.0,4633000000.0,19423000000.0,749000000.0,599000000.0,162000000.0,689000000.0,3753000000.0,890000000.0,634000000.0,26140000000.0,3541000000.0,3907000000.0,5496000000.0,761000000.0,4735000000.0,,,,,,,,,,,,,,,,,,,,,,,,,,,,,,,,,,,,
2022-12-01,1551721000000.0,108845845888.37001,495800000000.0,356200000000.0,328400000000.0,200000000.0,138900000000.0,500000000.0,5.5,29555089665.210003,12467644924.67,456541880.5,19928925333.36,4162435119.88,8472000000.0,53301000000.0,40386000000.0,31770000000.0,14827000000.0,2036000000.0,201000000.0,8124000000.0,492000000.0,2514000000.0,1297000000.0,494000000.0,1786000000.0,0.0,2574000000.0,134000000.0,377000000.0,18091000000.0,7057000000.0,8241000000.0,18021000000.0,1785000000.0,637000000.0,688000000.0,1382000000.0,6695000000.0,227000000.0,-571000000.0,30199000000.0,2059000000.0,10429000000.0,12419000000.0,1535000000.0,10883000000.0,183661000000.0,29856000000.0,11719666666.666666,25345333333.333332,51923333333.333336,-16185333333.333334,167475666666.66666,144915000000.0,60359333333.333336,84555666666.66667,29058000000.0,45980000.0,42146000.0,345913333333.3333,68881000000.0,192905666666.66666,5131034300.0,178681000000.0,73452333333.33333,80017333333.33333,154326000000.0,146459666666.66666,36474000000.0,48081666666.666664,2145000000.0,6822333333.333333,11238000000.0,14981333333.333334,2768333333.3333335,1885000000.0,804373400000.0,809032100000.0,32310333333.333332,31148000000.0,23583333333.333332,26648000000.0
2023-01-01,1531765000000.0,58033703336.011,476300000000.0,389900000000.0,358100000000.0,200000000.0,45600000000.0,40500000000.0,5.5,20777742632.670002,859803722.35,804406587.22,1996321653.31,1416652513.98,846000000.0,24299000000.0,21014000000.0,8586000000.0,6252000000.0,704000000.0,354000000.0,12273000000.0,155000000.0,0.0,1160000000.0,425000000.0,908000000.0,0.0,27000000.0,117000000.0,56000000.0,9226000000.0,1593000000.0,4586000000.0,27607000000.0,448000000.0,139000000.0,46000000.0,6741000000.0,1500000000.0,5201000000.0,4870000000.0,30551000000.0,4162000000.0,2588000000.0,9869000000.0,192000000.0,9677000000.0,,,,,,,,,,,,,,,,,,,,,,,,,,,,,,,,,,,,
2023-02-01,1539239000000.0,60556682417.4,476300000000.0,389900000000.0,358100000000.0,200000000.0,45600000000.0,40500000000.0,5.5,17720396110.13,289645826.71,476733495.95,521985025.8,2150587334.9,222000000.0,28147000000.0,22485000000.0,9225000000.0,7545000000.0,1103000000.0,210000000.0,13206000000.0,53000000.0,0.0,2542000000.0,510000000.0,908000000.0,2248000000.0,31000000.0,78000000.0,10000000.0,7363000000.0,1401000000.0,3659000000.0,16715000000.0,502000000.0,63000000.0,33000000.0,209000000.0,1072000000.0,3258000000.0,2534000000.0,20963000000.0,3242000000.0,2658000000.0,1170000000.0,228000000.0,941000000.0,,,,,,,,,,,,,,,,,,,,,,,,,,,,,,,,,,,,
2023-03-01,1571782000000.0,81174049873.80501,476300000000.0,389900000000.0,358100000000.0,200000000.0,45600000000.0,40500000000.0,5.6,17170561974.739998,9550401475.26,504335154.17,17209537899.87,2901912038.54,7315000000.0,36040000000.0,31925000000.0,21013000000.0,7261000000.0,1440000000.0,222000000.0,8722000000.0,2191000000.0,2693000000.0,2402000000.0,382000000.0,908000000.0,0.0,13000000.0,93000000.0,170000000.0,8994000000.0,2225000000.0,4394000000.0,17813000000.0,325000000.0,157000000.0,80000000.0,856000000.0,1509000000.0,3466000000.0,2939000000.0,23442000000.0,3163000000.0,3057000000.0,2742000000.0,376000000.0,2367000000.0,159730666666.66666,26761666666.666668,7438333333.333333,20267333333.333332,54897333333.333336,-7870333333.333333,151860333333.33334,133219000000.0,55911666666.666664,77307333333.33333,29510000000.0,45657000.0,41841000.0,347840000000.0,84369333333.33333,174788999999.99997,5292605833.333333,182405999999.99997,73396666666.66667,78268666666.66667,152769000000.0,140520000000.0,35508333333.333336,41799000000.0,1683666666.6666667,6564666666.666667,7175666666.666667,4870333333.333333,2257333333.3333335,1738666666.6666667,201575700000.0,196403600000.0,30456666666.666668,30807333333.333332,21390333333.333332,26443333333.333332
2023-04-01,1572148000000.0,53953414170.68,476300000000.0,389900000000.0,358100000000.0,200000000.0,45600000000.0,40500000000.0,5.6,19855085197.73,1128177059.52,635908855.37,-112083860.66000001,1385669317.02,-50000000.0,26457000000.0,19782000000.0,9779000000.0,8265000000.0,720000000.0,280000000.0,11835000000.0,-1832000000.0,0.0,1906000000.0,383000000.0,909000000.0,0.0,1095000000.0,111000000.0,8000000.0,7514000000.0,1636000000.0,3748000000.0,18041000000.0,333000000.0,55000000.0,63000000.0,445000000.0,1712000000.0,8857000000.0,8359000000.0,21976000000.0,3022000000.0,2799000000.0,2182000000.0,308000000.0,1873000000.0,,,,,,,,,,,,,,,,,,,,,,,,,,,,,,,,,,,,
2023-05-01,1579725000000.0,59647997795.54,476300000000.0,389900000000.0,358100000000.0,200000000.0,45600000000.0,40500000000.0,5.6,19140342102.46,937227382.67,574468154.2,-287089513.35999995,2694006052.39,-120000000.0,27039000000.0,23404000000.0,10289000000.0,8307000000.0,1381000000.0,252000000.0,12856000000.0,259000000.0,0.0,2118000000.0,425000000.0,2408000000.0,2248000000.0,470000000.0,180000000.0,3000000.0,7640000000.0,2036000000.0,4243000000.0,17501000000.0,349000000.0,208000000.0,87000000.0,278000000.0,1846000000.0,2634000000.0,2099000000.0,22010000000.0,3118000000.0,3310000000.0,1998000000.0,406000000.0,1593000000.0,,,,,,,,,,,,,,,,,,,,,,,,,,,,,,,,,,,,
2023-06-01,1600989000000.0,86391449825.73,476300000000.0,389900000000.0,358100000000.0,200000000.0,45600000000.0,40500000000.0,5.6,20542298982.6,10340659113.57,477205567.13,15866238918.78,5752865944.23,6746000000.0,39390000000.0,34284000000.0,23679000000.0,8710000000.0,2842000000.0,210000000.0,10600000000.0,5000000.0,2487000000.0,2119000000.0,425000000.0,908000000.0,0.0,50000000.0,176000000.0,-84000000.0,8792000000.0,2669000000.0,4741000000.0,17078000000.0,370000000.0,161000000.0,90000000.0,482000000.0,2092000000.0,7643000000.0,7051000000.0,22338000000.0,3525000000.0,3191000000.0,3143000000.0,509000000.0,2634000000.0,164082333333.33334,27301666666.666668,9711333333.333334,20624333333.333332,53704000000.0,-4453666666.666667,159628666666.66666,138649666666.66666,58280333333.333336,80369333333.33333,29410666666.666668,45915000.0,42117000.0,343960000000.00006,68455666666.666664,180413999999.99997,4849630500.0,185366000000.0,74584000000.0,77515000000.0,150427000000.0,137796333333.33334,35732666666.666664,44636666666.666664,1649000000.0,7201666666.666667,7604333333.333333,5034666666.666667,3504666666.6666665,3452333333.3333335,401763300000.0,397325600000.0,31578333333.333332,30861666666.666668,22486333333.333332,26392333333.333332
2023-07-01,1626360000000.0,69269330281.084,476300000000.0,389900000000.0,358100000000.0,200000000.0,45600000000.0,40500000000.0,5.7,20129526660.096,-281596241.67,815735947.36,-185394026.73000002,10289287371.6,-82000000.0,34268000000.0,27668000000.0,13823000000.0,8564000000.0,5124000000.0,359000000.0,13356000000.0,488000000.0,0.0,2118000000.0,425000000.0,908000000.0,0.0,612000000.0,132000000.0,500000000.0,8306000000.0,2279000000.0,4212000000.0,18800000000.0,896000000.0,273000000.0,83000000.0,367000000.0,2495000000.0,416000000.0,-140000000.0,23567000000.0,3218000000.0,3435000000.0,3494000000.0,513000000.0,2981000000.0,,,,,,,,,,,,,,,,,,,,,,,,,,,,,,,,,,,,
2023-08-01,1630773000000.0,58854892546.53,476300000000.0,389900000000.0,358100000000.0,200000000.0,45600000000.0,40500000000.0,5.7,18858742644.55,277426314.05,702110855.63,219318762.82999998,1947524692.7,28000000.0,27285000000.0,21957000000.0,9481000000.0,7990000000.0,1015000000.0,309000000.0,12310000000.0,167000000.0,0.0,1693000000.0,425000000.0,908000000.0,2248000000.0,10000000.0,239000000.0,0.0,8986000000.0,1879000000.0,4914000000.0,18606000000.0,430000000.0,184000000.0,86000000.0,410000000.0,2479000000.0,5803000000.0,5187000000.0,22215000000.0,3765000000.0,3345000000.0,4314000000.0,537000000.0,3776000000.0,,,,,,,,,,,,,,,,,,,,,,,,,,,,,,,,,,,,
2023-09-01,1643193000000.0,80597387265.59999,476300000000.0,389900000000.0,358100000000.0,200000000.0,45600000000.0,40500000000.0,5.7,17381750679.67,9905801859.19,665247267.27,16975953461.350002,1136750565.6699998,7282000000.0,35869000000.0,31870000000.0,20519000000.0,7444000000.0,547000000.0,293000000.0,11351000000.0,1000000.0,2906000000.0,2065000000.0,425000000.0,908000000.0,0.0,9000000.0,266000000.0,69000000.0,9408000000.0,1948000000.0,4242000000.0,17395000000.0,385000000.0,107000000.0,100000000.0,316000000.0,2116000000.0,2695000000.0,1827000000.0,22913000000.0,3687000000.0,2953000000.0,2922000000.0,522000000.0,2401000000.0,167709000000.0,27129666666.666668,10625333333.333334,21504000000.0,55889666666.666664,-10524000000.0,157185000000.0,137225000000.0,58635000000.0,78590000000.0,29823000000.0,45998000.0,42221000.0,351833333333.3333,80366666666.66667,184056666666.66666,5236673900.0,185528666666.66666,75894333333.33333,77351666666.66667,149848000000.0,135217333333.33333,35963666666.666664,42626333333.333336,1563666666.6666667,6571666666.666667,7331000000.0,5647333333.333333,3197666666.6666665,2365666666.6666665,607653000000.0,600455000000.0,31258666666.666668,32539666666.666668,22100000000.0,27849666666.666668
2023-10-01,1644038000000.0,56324362058.505,476300000000.0,389900000000.0,358100000000.0,200000000.0,45600000000.0,40500000000.0,5.8,17764114228.6,87938499.76,911563370.12,1008720341.0699999,1369832133.9199998,426000000.0,24587000000.0,20908000000.0,9030000000.0,7529000000.0,631000000.0,401000000.0,11390000000.0,486000000.0,0.0,4130000000.0,850000000.0,908000000.0,0.0,614000000.0,199000000.0,32000000.0,8847000000.0,2325000000.0,4115000000.0,18292000000.0,403000000.0,313000000.0,118000000.0,718000000.0,2366000000.0,1806000000.0,965000000.0,23641000000.0,3261000000.0,3462000000.0,3838000000.0,674000000.0,3164000000.0,,,,,,,,,,,,,,,,,,,,,,,,,,,,,,,,,,,,
2023-11-01,1659552000000.0,55987836764.229996,461200000000.0,389700000000.0,356300000000.0,200000000.0,27400000000.0,43800000000.0,5.8,17983465933.0,-570701325.45,737878008.24,291028571.87,1315190966.1399999,124000000.0,29059000000.0,21081000000.0,8488000000.0,7618000000.0,705000000.0,324000000.0,12419000000.0,174000000.0,0.0,0.0,0.0,908000000.0,2248000000.0,19000000.0,273000000.0,37000000.0,10914000000.0,2800000000.0,5370000000.0,18026000000.0,700000000.0,842000000.0,217000000.0,1419000000.0,3425000000.0,2703000000.0,2398000000.0,24541000000.0,3820000000.0,4113000000.0,6139000000.0,843000000.0,5295000000.0,,,,,,,,,,,,,,,,,,,,,,,,,,,,,,,,,,,,
2023-12-01,1639743000000.0,108983157761.90599,461200000000.0,389700000000.0,356300000000.0,200000000.0,27400000000.0,43800000000.0,5.9,28903425561.510002,12326863303.300001,1056030251.18,19883853516.41,4142331981.5699997,8453000000.0,59789000000.0,40658000000.0,31986000000.0,14897000000.0,2009000000.0,465000000.0,8135000000.0,538000000.0,2797000000.0,728000000.0,631000000.0,909000000.0,0.0,2227000000.0,331000000.0,760000000.0,15324000000.0,6688000000.0,7297000000.0,9348000000.0,1420000000.0,1047000000.0,720000000.0,2332000000.0,5866000000.0,1746000000.0,-441000000.0,20796000000.0,2136000000.0,8743000000.0,13150000000.0,1594000000.0,11558000000.0,185622333333.33334,32307333333.333332,12263666666.666666,26218000000.0,55753333333.333336,-12235000000.0,173387333333.33334,148529333333.33334,64115666666.666664,84413666666.66667,30588666666.666668,46169000.0,42413000.0,362803333333.3334,72361000000.0,205944000000.0,5119758533.333333,186410000000.0,77859333333.33333,76452000000.0,151393666666.66666,135009333333.33333,35698666666.666664,48715000000.0,2394666666.6666665,7276333333.333333,8654333333.333334,9267000000.0,3323000000.0,3049333333.3333335,817993000000.0,820740700000.0,33859333333.333332,32655666666.666668,24617333333.333332,27892666666.666668
2024-01-01,1645253000000.0,61274108498.337,476800000000.0,427500000000.0,377600000000.0,200000000.0,39000000000.0,10200000000.0,5.9,20713894676.48,1288492309.84,2507385158.65,1996566670.51,1986297918.73,846000000.0,26919000000.0,22193000000.0,9754000000.0,6179000000.0,981000000.0,1103000000.0,12368000000.0,70000000.0,0.0,704000000.0,475000000.0,1060000000.0,0.0,29000000.0,171000000.0,87000000.0,10005000000.0,1833000000.0,5363000000.0,27040000000.0,261000000.0,142000000.0,43000000.0,129000000.0,1573000000.0,5354000000.0,5064000000.0,31683000000.0,4354000000.0,2449000000.0,2316000000.0,178000000.0,2137000000.0,,,,,,,,,,,,,,,,,,,,,,,,,,,,,,,,,,,,
2024-02-01,1645952000000.0,64149862826.45,476800000000.0,427500000000.0,377600000000.0,200000000.0,39000000000.0,10200000000.0,5.9,18333196262.329998,139743029.48,1723803779.62,716844610.59,824165494.52,305000000.0,33407000000.0,23714000000.0,9422000000.0,7804000000.0,485000000.0,759000000.0,14169000000.0,125000000.0,0.0,1653000000.0,513000000.0,1061000000.0,2248000000.0,143000000.0,220000000.0,1731000000.0,7744000000.0,1119000000.0,3782000000.0,18692000000.0,362000000.0,96000000.0,23000000.0,418000000.0,1442000000.0,3959000000.0,2987000000.0,23087000000.0,3542000000.0,2428000000.0,1799000000.0,230000000.0,1570000000.0,,,,,,,,,,,,,,,,,,,,,,,,,,,,,,,,,,,,
2024-03-01,1643018000000.0,77550543234.10701,476800000000.0,427500000000.0,377600000000.0,200000000.0,39000000000.0,10200000000.0,5.9,18053584080.66,8712320559.06,1338903890.49,16389030929.57,2630923204.38,6967000000.0,34515000000.0,30012000000.0,20873000000.0,7679000000.0,1282000000.0,589000000.0,9131000000.0,8000000.0,2570000000.0,1884000000.0,514000000.0,1060000000.0,0.0,9000000.0,416000000.0,140000000.0,8552000000.0,1882000000.0,4550000000.0,17617000000.0,307000000.0,101000000.0,75000000.0,424000000.0,1507000000.0,2531000000.0,1954000000.0,22474000000.0,3383000000.0,2746000000.0,2131000000.0,332000000.0,1799000000.0,168847666666.66666,28454666666.666668,8315333333.333333,20301000000.0,58686333333.333336,-9876333333.333334,158971333333.33334,139174666666.66666,59539000000.0,79635666666.66667,31487333333.333332,45752000.0,42020000.0,357210000000.00006,78863000000.0,185520333333.33334,5221871700.0,188078333333.33334,76767333333.33333,75916666666.66667,150326666666.66666,132913000000.0,36658666666.666664,42977000000.00001,1498000000.0,3933666666.6666665,7044000000.0,7212333333.333333,3403333333.3333335,2235666666.6666665,212504100000.0,205108300000.0,32113333333.333332,32600333333.333332,22459333333.333332,27964666666.666668
2024-04-01,1641793000000.0,58136060670.99,476800000000.0,427500000000.0,377600000000.0,200000000.0,39000000000.0,10200000000.0,5.9,20954238934.629997,-154552480.57000002,1625185976.99,-361342831.07,1886386185.57,-156000000.0,30341000000.0,21665000000.0,10299000000.0,8910000000.0,907000000.0,715000000.0,10858000000.0,506000000.0,0.0,1361000000.0,420000000.0,1061000000.0,0.0,1051000000.0,261000000.0,356000000.0,8231000000.0,2167000000.0,3974000000.0,18015000000.0,512000000.0,168000000.0,67000000.0,297000000.0,2025000000.0,4869000000.0,4277000000.0,22198000000.0,3405000000.0,3388000000.0,2874000000.0,451000000.0,2422000000.0,,,,,,,,,,,,,,,,,,,,,,,,,,,,,,,,,,,,
2024-05-01,1637383000000.0,61173090235.39,476800000000.0,427500000000.0,377600000000.0,200000000.0,39000000000.0,10200000000.0,5.9,19928848034.3,664683621.8299999,1381284967.22,-307606976.97,3697132350.66,-129000000.0,28979000000.0,23239000000.0,11207000000.0,8484000000.0,1913000000.0,608000000.0,11876000000.0,156000000.0,0.0,1361000000.0,420000000.0,1060000000.0,2248000000.0,391000000.0,274000000.0,26000000.0,7854000000.0,2112000000.0,3934000000.0,18915000000.0,284000000.0,247000000.0,57000000.0,370000000.0,2030000000.0,1758000000.0,1211000000.0,23002000000.0,3461000000.0,2877000000.0,3046000000.0,683000000.0,2364000000.0,,,,,,,,,,,,,,,,,,,,,,,,,,,,,,,,,,,,
2024-06-01,1641861000000.0,91724300489.8,488900000000.0,428200000000.0,428200000000.0,200000000.0,50300000000.0,10200000000.0,5.9,21766818233.800003,9851019642.960001,1212485433.29,15499743364.96,8156084259.46,6315000000.0,42258000000.0,35760000000.0,24502000000.0,8821000000.0,4090000000.0,532000000.0,11257000000.0,2000000.0,2877000000.0,1821000000.0,467000000.0,1060000000.0,0.0,31000000.0,140000000.0,1879000000.0,8101000000.0,2249000000.0,4070000000.0,17426000000.0,300000000.0,324000000.0,81000000.0,543000000.0,5030000000.0,2727000000.0,2048000000.0,21842000000.0,3728000000.0,2658000000.0,6358000000.0,510000000.0,5848000000.0,173395666666.66666,28694666666.666668,10855999999.999998,22262666666.666668,58023333333.333336,-6232000000.0,167163666666.66666,144882000000.0,62396333333.333336,82485666666.66667,31873666666.666668,45980000.0,42269000.0,354616666666.6666,66911000000.0,190553000000.0,4858277233.333333,189595333333.33334,78973333333.33333,74967666666.66667,151707000000.0,135838666666.66667,35694000000.0,46791666666.666664,1575000000.0,4706666666.666667,7557000000.0,5172333333.333333,4246333333.3333335,3599000000.0,428462700000.0,419957000000.0,33318666666.666668,32748666666.666668,23803666666.666668,27939333333.333332
2024-07-01,1661423000000.0,63814352306.665,488900000000.0,428200000000.0,374400000000.0,200000000.0,50300000000.0,10200000000.0,6.0,21381413134.544,-589980843.72,1477578826.7,-10424504.39,4526397997.25,267000000.0,33448000000.0,25250000000.0,12586000000.0,9508000000.0,2271000000.0,651000000.0,12304000000.0,360000000.0,0.0,1598000000.0,466000000.0,1061000000.0,0.0,1607000000.0,128000000.0,166000000.0,8784000000.0,2776000000.0,4348000000.0,19491000000.0,392000000.0,363000000.0,86000000.0,749000000.0,2323000000.0,7596000000.0,6974000000.0,24387000000.0,3486000000.0,3559000000.0,4038000000.0,636000000.0,3402000000.0,,,,,,,,,,,,,,,,,,,,,,,,,,,,,,,,,,,,
2024-08-01,1664664000000.0,61976006199.512,488900000000.0,428200000000.0,374400000000.0,200000000.0,50300000000.0,10200000000.0,6.0,20260720362.2,-140275791.68,1417914389.8100002,958293053.86,1579669116.2099998,407000000.0,29688000000.0,22582000000.0,10473000000.0,8642000000.0,871000000.0,624000000.0,11830000000.0,278000000.0,0.0,1598000000.0,467000000.0,1060000000.0,2248000000.0,90000000.0,224000000.0,166000000.0,8392000000.0,1826000000.0,4222000000.0,18381000000.0,339000000.0,334000000.0,129000000.0,290000000.0,2357000000.0,4989000000.0,4416000000.0,23002000000.0,3476000000.0,2725000000.0,3400000000.0,608000000.0,2793000000.0,,,,,,,,,,,,,,,,,,,,,,,,,,,,,,,,,,,,
2024-09-01,1662898000000.0,86172835989.756,488900000000.0,428200000000.0,374400000000.0,200000000.0,50300000000.0,10200000000.0,6.0,18412661981.66,9425940865.79,1260549708.67,17838883817.09,1196627966.9,7585000000.0,41625000000.0,34102000000.0,21249000000.0,7815000000.0,582000000.0,9018000000.0,12853000000.0,1000000.0,3108000000.0,1598000000.0,467000000.0,1060000000.0,0.0,11000000.0,184000000.0,61000000.0,8861000000.0,1937000000.0,4327000000.0,17799000000.0,481000000.0,225000000.0,86000000.0,364000000.0,2296000000.0,2068000000.0,1394000000.0,22659000000.0,3747000000.0,3020000000.0,3106000000.0,506000000.0,2599000000.0,176339666666.66666,28681666666.666668,11351999999.999998,23069666666.666668,60137666666.666664,-11944000000.0,164395666666.66666,142581666666.66666,62063000000.0,80518666666.66667,32177000000.0,46020000.0,42327000.0,361023333333.3333,72842333333.33333,194189666666.66666,5228610100.0,191054000000.0,80294333333.33333,77466000000.0,149590666666.66666,137106000000.0,37062000000.0,43456666666.666664,1651000000.0,4088333333.3333335,7043333333.333333,5759000000.0,3890333333.3333335,2635000000.0,649101800000.0,632999100000.0,32960333333.333332,34521666666.666664,23347000000.0,29502000000.0
2024-10-01,1667664000000.0,60920786425.038,488900000000.0,428200000000.0,374400000000.0,200000000.0,50300000000.0,10200000000.0,6.1,18818913035.629997,778262511.17,1658422968.0300002,1654091238.0,1237788807.78,700000000.0,30889000000.0,22417000000.0,10354000000.0,7981000000.0,554000000.0,-7733000000.0,11547000000.0,517000000.0,0.0,3196000000.0,934000000.0,1061000000.0,0.0,352000000.0,192000000.0,122000000.0,9782000000.0,2338000000.0,4757000000.0,19383000000.0,425000000.0,566000000.0,94000000.0,901000000.0,2704000000.0,1827000000.0,1265000000.0,24879000000.0,3527000000.0,3804000000.0,4530000000.0,650000000.0,3881000000.0,,,,,,,,,,,,,,,,,,,,,,,,,,,,,,,,,,,,
2024-11-01,1690908000000.0,61032044151.45,488900000000.0,428200000000.0,374400000000.0,200000000.0,50300000000.0,10200000000.0,6.1,19348752633.9,-1391634516.57,1640078914.1299999,413128790.13,1577404270.41,175000000.0,34233000000.0,23185000000.0,9253000000.0,8223000000.0,829000000.0,721000000.0,13781000000.0,149000000.0,0.0,0.0,0.0,1060000000.0,2248000000.0,19000000.0,224000000.0,10000000.0,11462000000.0,3557000000.0,5399000000.0,18890000000.0,1253000000.0,523000000.0,186000000.0,997000000.0,5724000000.0,2477000000.0,1877000000.0,26833000000.0,3997000000.0,3747000000.0,8597000000.0,886000000.0,7710000000.0,,,,,,,,,,,,,,,,,,,,,,,,,,,,,,,,,,,,
2024-12-01,1691096000000.0,113186789471.845,488900000000.0,428200000000.0,374400000000.0,200000000.0,50300000000.0,10200000000.0,6.2,30947355809.66,11173541590.24,2023494601.55,20057578788.84,4555208472.849999,8528000000.0,74340000000.0,46968000000.0,33009000000.0,15758000000.0,2246000000.0,12292000000.0,13361000000.0,599000000.0,2016000000.0,2948000000.0,305000000.0,1061000000.0,0.0,1097000000.0,201000000.0,355000000.0,15879000000.0,6046000000.0,8339000000.0,11100000000.0,1205000000.0,995000000.0,520000000.0,2965000000.0,7369000000.0,2797000000.0,756000000.0,22646000000.0,2335000000.0,8558000000.0,14463000000.0,1783000000.0,12680000000.0,194656000000.0,33274666666.666668,13251000000.0,27831000000.0,59660333333.333336,-10379333333.333334,184276666666.66666,157749333333.33334,68185333333.333336,89564000000.0,33325666666.666668,46194000.0,42514000.0,370140000000.0,62154333333.333336,215686666666.66666,5145891266.666667,192355666666.66666,81225666666.66667,82309333333.33333,147477333333.33334,138441333333.33334,38511666666.666664,51052333333.333336,2034666666.6666667,5340000000.0,8410333333.333333,9855333333.333334,3736000000.0,2899000000.0,874602100000.0,864058500000.0,35568000000.0,34743000000.0,25944333333.333332,29621333333.333332
2025-01-01,1704799000000.0,66758101800.47,488900000000.0,428200000000.0,374400000000.0,200000000.0,50300000000.0,10200000000.0,6.2,21224159721.96,867402375.84,4327274422.26,2388054215.39,2016257967.78,1012000000.0,30017000000.0,23165000000.0,10673000000.0,6353000000.0,971000000.0,1904000000.0,12459000000.0,32000000.0,0.0,1897000000.0,468000000.0,1088000000.0,0.0,31000000.0,132000000.0,27000000.0,9983000000.0,1684000000.0,4936000000.0,28093000000.0,330000000.0,71000000.0,45000000.0,1842000000.0,1571000000.0,5051000000.0,4456000000.0,34207000000.0,4634000000.0,2388000000.0,2410000000.0,279000000.0,2131000000.0,,,,,,,,,,,,,,,,,,,,,,,,,,,,,,,,,,,,
2025-02-01,1688326000000.0,69337443034.2,488900000000.0,428200000000.0,374400000000.0,200000000.0,50300000000.0,10200000000.0,6.2,20666265082.78,-364694969.45,2649150641.75,464476303.46999997,885433723.04,197000000.0,33532000000.0,25865000000.0,10491000000.0,8803000000.0,508000000.0,1166000000.0,15274000000.0,101000000.0,0.0,1853000000.0,469000000.0,1089000000.0,2248000000.0,16000000.0,195000000.0,34000000.0,7676000000.0,2052000000.0,3636000000.0,19314000000.0,271000000.0,258000000.0,34000000.0,1338000000.0,1191000000.0,4174000000.0,3437000000.0,24583000000.0,3796000000.0,2243000000.0,2222000000.0,274000000.0,1948000000.0,,,,,,,,,,,,,,,,,,,,,,,,,,,,,,,,,,,,
2025-03-01,1693655000000.0,86163371152.23,488900000000.0,428200000000.0,374400000000.0,200000000.0,50300000000.0,10200000000.0,6.3,19415363376.19,10136916890.97,2190557965.77,17215057494.800003,2496499213.5800004,7319000000.0,42264000000.0,33969000000.0,22817000000.0,8257000000.0,1207000000.0,963000000.0,11151000000.0,1000000.0,2603000000.0,1432000000.0,468000000.0,1088000000.0,0.0,33000000.0,136000000.0,106000000.0,8697000000.0,1667000000.0,4185000000.0,18397000000.0,344000000.0,150000000.0,62000000.0,403000000.0,5766000000.0,2232000000.0,1628000000.0,22797000000.0,3484000000.0,3001000000.0,6555000000.0,379000000.0,6175000000.0,176429000000.00003,30544666666.666668,9049666666.666666,21478000000.0,62497666666.666664,-6381666666.666667,170047333333.33334,149642000000.0,64910666666.666664,84731333333.33333,33777666666.666668,45792000.0,42116000.0,367173333333.3333,73952333333.33333,194698333333.33334,5236597833.333333,196122666666.66666,81733666666.66667,79719666666.66667,153828666666.66666,142165666666.66666,39061333333.333336,45669999999.99999,1443666666.6666667,3061000000.0,7436000000.0,4798333333.333333,3795000000.0,1904000000.0,229166400000.0,222916400000.0,33819666666.666668,34743000000.0,23762000000.0,29688666666.666668
2025-04-01,1692452000000.0,64080603761.759995,488900000000.0,428200000000.0,374400000000.0,200000000.0,50300000000.0,10200000000.0,6.3,21729023945.22,233841253.93,2526220554.68,-321035470.64,1830459084.29,-139000000.0,30209000000.0,22580000000.0,11198000000.0,9241000000.0,867000000.0,1112000000.0,11024000000.0,358000000.0,0.0,1858000000.0,469000000.0,1089000000.0,0.0,1016000000.0,102000000.0,16000000.0,8098000000.0,2147000000.0,4168000000.0,20675000000.0,354000000.0,404000000.0,43000000.0,1994000000.0,1653000000.0,1463000000.0,865000000.0,25737000000.0,3453000000.0,3527000000.0,3017000000.0,403000000.0,2615000000.0,,,,,,,,,,,,,,,,,,,,,,,,,,,,,,,,,,,,
2025-05-01,1714790000000.0,62779651548.374,488900000000.0,428200000000.0,374400000000.0,200000000.0,50300000000.0,10200000000.0,6.3,21763998181.42,-670648105.34,1393759546.24,-436246924.78,2650642374.7999997,-184000000.0,29545000000.0,24032000000.0,10661000000.0,9249000000.0,1319000000.0,613000000.0,13231000000.0,140000000.0,0.0,1857000000.0,468000000.0,1088000000.0,2248000000.0,853000000.0,137000000.0,14000000.0,8902000000.0,2003000000.0,4970000000.0,19783000000.0,259000000.0,281000000.0,62000000.0,2012000000.0,1720000000.0,3776000000.0,3196000000.0,25389000000.0,3552000000.0,3436000000.0,3209000000.0,590000000.0,2619000000.0,,,,,,,,,,,,,,,,,,,,,,,,,,,,,,,,,,,,
2025-06-01,1718196000000.0,98451182132.819,488900000000.0,428200000000.0,374400000000.0,200000000.0,50300000000.0,10200000000.0,6.3,22327694109.12,9573430497.15,1364224711.1100001,17614323996.43,9251928122.69,7489000000.0,45615000000.0,39806000000.0,26947000000.0,9487000000.0,4584000000.0,601000000.0,12734000000.0,125000000.0,2976000000.0,1613000000.0,468000000.0,1089000000.0,0.0,37000000.0,141000000.0,145000000.0,8226000000.0,2221000000.0,3900000000.0,18276000000.0,401000000.0,222000000.0,67000000.0,2843000000.0,2112000000.0,1451000000.0,850000000.0,24814000000.0,3827000000.0,2762000000.0,3457000000.0,546000000.0,2911000000.0,181926999999.99997,31001000000.0,11454000000.0,22517666666.666668,61502333333.333336,-3815000000.0,178112000000.0,153694000000.0,67826333333.333336,85867666666.66667,34143333333.333332,45995000.0,42324000.0,365313333333.3333,64944333333.333336,200254000000.0,4803029766.666667,197514666666.66666,83145666666.66667,80763000000.0,151246666666.66666,141115333333.33334,37368333333.333336,48499333333.333336,2712999999.9999995,4259333333.3333335,7796333333.333333,4896000000.0,4377333333.333333,3297666666.6666665,459535500000.0,453076500000.0,34966000000.0,34861333333.333336,24929333333.333332,29614000000.0
2025-07-01,1753388000000.0,65737005528.173996,488900000000.0,428200000000.0,374400000000.0,200000000.0,50300000000.0,10200000000.0,6.3,22394874361.947,-410862334.33,1650668920.1100001,1115116256.6,4229802219.2700005,471000000.0,32315000000.0,24684000000.0,12573000000.0,9516000000.0,2066000000.0,726000000.0,11620000000.0,491000000.0,0.0,1857000000.0,469000000.0,1088000000.0,0.0,496000000.0,121000000.0,282000000.0,8478000000.0,2609000000.0,4317000000.0,20532000000.0,341000000.0,357000000.0,66000000.0,2474000000.0,2438000000.0,5637000000.0,5027000000.0,27013000000.0,3634000000.0,3018000000.0,4069000000.0,553000000.0,3516000000.0,,,,,,,,,,,,,,,,,,,,,,,,,,,,,,,,,,,,
2025-08-01,1751303000000.0,63238965023.987,488900000000.0,428200000000.0,374400000000.0,200000000.0,50300000000.0,10200000000.0,6.3,20966969309.75,778000542.9399999,1491088401.15,562725350.15,1470452116.4299998,239000000.0,29673000000.0,24215000000.0,10990000000.0,8938000000.0,768000000.0,656000000.0,13055000000.0,169000000.0,0.0,1636000000.0,468000000.0,1089000000.0,2248000000.0,49000000.0,162000000.0,32000000.0,8189000000.0,2403000000.0,4267000000.0,19058000000.0,143000000.0,231000000.0,66000000.0,3006000000.0,2307000000.0,6481000000.0,5951000000.0,25954000000.0,3517000000.0,2809000000.0,3624000000.0,544000000.0,3081000000.0,,,,,,,,,,,,,,,,,,,,,,,,,,,,,,,,,,,,
2025-09-01,1767817000000.0,88433324085.0,502500000000.0,420600000000.0,386800000000.0,100000000.0,81800000000.0,0.0,6.3,19458101432.73,9292646391.519999,1463272189.6599998,18247120865.67,1183426544.13,7759000000.0,38962000000.0,34921000000.0,21609000000.0,8252000000.0,307000000.0,6977000000.0,13313000000.0,1000000.0,3920000000.0,1830000000.0,468000000.0,1088000000.0,0.0,144000000.0,175000000.0,42000000.0,10370000000.0,2123000000.0,5543000000.0,18552000000.0,560000000.0,190000000.0,66000000.0,3570000000.0,6175000000.0,1797000000.0,1110000000.0,25278000000.0,3875000000.0,3791000000.0,9151000000.0,552000000.0,8598000000.0,186276000000.0,30574666666.666668,12400000000.0,23325000000.0,63344666666.666664,-12618666666.666666,173657333333.33334,150555666666.66666,67421333333.333336,83134333333.33333,34625333333.333336,46001000.0,42337000.0,373456666666.6667,72931666666.66667,204385333333.33334,5203467566.666667,198114000000.0,84115000000.0,82381000000.0,149181000000.0,139940333333.33334,38181000000.0,44953333333.333336,1916333333.3333333,4494666666.666667,7472333333.333333,5922333333.333333,4117000000.0,2526333333.3333335,696668300000.0,685484500000.0,34327000000.0,35933000000.0,24575666666.666668,30522000000.0
2025-10-01,1772019000000.0,61220500057.472,502500000000.0,420600000000.0,386800000000.0,100000000.0,81800000000.0,0.0,6.3,20243208445.88,52223449.87,1869521678.8000002,979678788.45,1463819921.05,412000000.0,26670000000.0,22018000000.0,10420000000.0,8499000000.0,660000000.0,-5511000000.0,11051000000.0,545000000.0,1000000.0,4443000000.0,901000000.0,1088000000.0,0.0,425000000.0,229000000.0,23000000.0,10208000000.0,2615000000.0,5619000000.0,23572000000.0,203000000.0,475000000.0,121000000.0,1479000000.0,1771000000.0,2797000000.0,2239000000.0,27187000000.0,3651000000.0,3986000000.0,6153000000.0,580000000.0,5573000000.0,,,,,,,,,,,,,,,,,,,,,,,,,,,,,,,,,,,,
2025-11-01,1793102000000.0,60242385910.521996,502500000000.0,420600000000.0,386800000000.0,100000000.0,81800000000.0,0.0,6.3,19852522014.91,-1009661309.69,1941559620.22,52403570.73,1249216933.07,23000000.0,30323000000.0,22060000000.0,9525000000.0,8522000000.0,632000000.0,855000000.0,12384000000.0,152000000.0,0.0,0.0,0.0,1089000000.0,2248000000.0,34000000.0,150000000.0,90000000.0,12837000000.0,2922000000.0,7511000000.0,19792000000.0,711000000.0,766000000.0,120000000.0,1343000000.0,-2508000000.0,934000000.0,377000000.0,28221000000.0,4480000000.0,4296000000.0,-466000000.0,814000000.0,-1280000000.0,,,,,,,,,,,,,,,,,,,,,,,,,,,,,,,,,,,,
2025-12-01,1793867000000.0,115418229808.844,502500000000.0,420600000000.0,386800000000.0,100000000.0,81800000000.0,0.0,6.3,32646207328.52,10685538997.449999,1933606276.57,20479655660.780003,3496978272.9,8707000000.0,58798000000.0,46100000000.0,33083000000.0,16511000000.0,1670000000.0,850000000.0,12550000000.0,467000000.0,2281000000.0,1924000000.0,466000000.0,1088000000.0,0.0,347000000.0,165000000.0,365000000.0,21570000000.0,5897000000.0,13947000000.0,8064000000.0,975000000.0,1085000000.0,506000000.0,2001000000.0,6675000000.0,3986000000.0,737000000.0,22185000000.0,2744000000.0,13000000000.0,12023000000.0,2119000000.0,9904000000.0,209563666666.66666,35653666666.666664,16263333333.333334,28977666666.666668,63055333333.333336,-18389666666.666668,191174000000.0,163954333333.33334,74023000000.0,89931333333.33333,35555666666.666664,46121000.0,42468000.0,383993333333.3333,65654333333.333336,225939333333.33334,5170647266.666667,200290000000.0,86376333333.33334,86076666666.66667,147928000000.0,142815333333.33334,38501666666.666664,51429666666.666664,2417333333.3333335,6224666666.666667,9006000000.0,10752666666.666668,4130000000.0,2496000000.0,937467600000.0,936091300000.0,37783000000.0,36609666666.666664,27369000000.0,31072666666.666668
2026-01-01,1810982000000.0,64496544676.96,524500000000.0,426400000000.0,387200000000.0,100000000.0,98000000000.0,0.0,6.3,23160005708.36,181383014.6,3612084734.8199997,2049268431.22,2011267802.37,868000000.0,26484000000.0,23170000000.0,10662000000.0,7159000000.0,955000000.0,1589000000.0,12412000000.0,97000000.0,0.0,2528000000.0,481000000.0,1092000000.0,0.0,106000000.0,114000000.0,17000000.0,12120000000.0,1766000000.0,7317000000.0,34158000000.0,294000000.0,62000000.0,32000000.0,401000000.0,830000000.0,5113000000.0,4488000000.0,35205000000.0,4836000000.0,2877000000.0,6838000000.0,210000000.0,6628000000.0,,,,,,,,,,,,,,,,,,,,,,,,,,,,,,,,,,,,
2026-02-01,1815150000000.0,70453453457.41101,524500000000.0,426400000000.0,387200000000.0,100000000.0,98000000000.0,0.0,6.3,21601351845.39,-364012859.77,3368054207.85,435925090.84000003,1015531893.25,180000000.0,32956000000.0,25736000000.0,11152000000.0,9193000000.0,478000000.0,1482000000.0,14477000000.0,107000000.0,0.0,3034000000.0,577000000.0,1117000000.0,2248000000.0,17000000.0,159000000.0,55000000.0,8466000000.0,2619000000.0,4520000000.0,21031000000.0,289000000.0,153000000.0,47000000.0,519000000.0,1069000000.0,4150000000.0,3390000000.0,25192000000.0,3984000000.0,2986000000.0,2620000000.0,266000000.0,2354000000.0,,,,,,,,,,,,,,,,,,,,,,,,,,,,,,,,,,,,
2026-03-01,1821827000000.0,89269262401.8,524500000000.0,426400000000.0,387200000000.0,100000000.0,98000000000.0,0.0,6.3,20201953030.9,8930849968.81,1889791566.31,16501206874.539999,3889551185.0299997,7021000000.0,38514000000.0,35372000000.0,22737000000.0,8581000000.0,1839000000.0,832000000.0,12607000000.0,26000000.0,2440000000.0,3693000000.0,481000000.0,1117000000.0,0.0,271000000.0,200000000.0,98000000.0,10041000000.0,1818000000.0,5249000000.0,20018000000.0,350000000.0,387000000.0,43000000.0,1113000000.0,1226000000.0,1703000000.0,1081000000.0,24889000000.0,3653000000.0,3784000000.0,3195000000.0,327000000.0,2869000000.0,186981333333.33334,31710666666.666668,9335333333.333334,22866000000.0,65615000000.0,-12122000000.0,174859333333.33334,154055333333.33334,67787000000.0,86268333333.33333,36010666666.666664,45635000.0,41996000.0,378973333333.3333,75475000000.0,202297666666.66666,5235954200.0,201875666666.66666,86572000000.0,81689666666.66667,155245666666.66666,144639666666.66666,40012333333.333336,46256000000.0,1462333333.3333333,3621666666.6666665,7901333333.333333,5890666666.666667,4045000000.0,1788666666.6666667,244424100000.0,242645400000.0,35186333333.333336,36502000000.0,24640666666.666668,31138666666.666668
2026-04-01,1810531000000.0,60951629983.367004,524500000000.0,426400000000.0,387200000000.0,100000000.0,98000000000.0,0.0,6.4,22734152107.79,-3110894.35,1981157706.55,-408876531.03000003,2211735655.17,-177000000.0,29392000000.0,22273000000.0,11366000000.0,9676000000.0,997000000.0,871000000.0,10441000000.0,467000000.0,0.0,2280000000.0,432000000.0,1107000000.0,0.0,899000000.0,138000000.0,89000000.0,9169000000.0,1866000000.0,5121000000.0,21958000000.0,281000000.0,210000000.0,57000000.0,1457000000.0,1353000000.0,2201000000.0,1652000000.0,25943000000.0,3676000000.0,3833000000.0,3422000000.0,350000000.0,3071000000.0,,,,,,,,,,,,,,,,,,,,,,,,,,,,,,,,,,,,
2026-05-01,1843112000000.0,67907334094.13999,524500000000.0,426400000000.0,387200000000.0,100000000.0,98000000000.0,0.0,6.3,22531844150.59,469990587.81,1671801025.1299999,333865507.03,2923273999.87,142000000.0,35329000000.0,26171000000.0,12129000000.0,9572000000.0,1444000000.0,736000000.0,13885000000.0,158000000.0,0.0,2280000000.0,433000000.0,1113000000.0,2248000000.0,430000000.0,141000000.0,11000000.0,9114000000.0,1824000000.0,4521000000.0,20038000000.0,248000000.0,186000000.0,105000000.0,2149000000.0,1333000000.0,1293000000.0,723000000.0,25463000000.0,3734000000.0,3270000000.0,3084000000.0,563000000.0,2521000000.0,,,,,,,,,,,,,,,,,,,,,,,,,,,,,,,,,,,,
2026-06-01,,,,,,,,,6.3,,,,,,,,,,,,,,,,,,,,,,,,,,,,,,,,,,,,,,,,,,,,,,,,,,,,,,,,,,,,,,,,,,,,,,,,,,,
